signifier,observations,yes_count,prevalence_percent,earliest_observation_date,latest_observation_date,span_days,observation_dates,respondent_clusters,max_responses_per_respondent,eligible,exclusion_reason,annual_change_percentage_points,annual_change_ci95_lower,annual_change_ci95_upper,annual_change_cluster_se,annual_change_cluster_ci95_lower,annual_change_cluster_ci95_upper,cluster_robust_p_value,benjamini_hochberg_q_value,bonferroni_adjusted_p_value,fdr_05,bonferroni_05
2a supporter,381,93,24.409448818897637,2025-07-08,2026-09-25,444,251,346,4,True,,-13.198596032683263,-25.912823445298955,-0.48436862006756876,6.6524877230131025,-26.237471969788942,-0.1597200955775815,0.04725482795239119,0.545367194729236,1.0,False,False
ADHD,418,70,16.74641148325359,2025-07-08,2026-09-24,443,272,391,4,True,,6.169097528263019,-4.161448983489454,16.499644040015493,5.275559437489622,-4.170998969216639,16.509194025742676,0.2422533249992337,0.8530168463822171,1.0,False,False
AI creator,8608,951,11.047862453531598,2025-07-08,2026-09-25,444,426,4830,44,True,,3.9596670782218046,1.9722343922852617,5.947099764158348,1.239986622181003,1.5292932987470387,6.390040857696571,0.0014064974270971446,0.13671501369538483,0.9901741886763897,False,False
AI enthusiast,392,134,34.183673469387756,2025-07-08,2026-09-25,444,265,370,4,True,,-0.02146377803624521,-13.830575225627154,13.787647669554662,7.2183426665773505,-14.169415404527852,14.12648784845536,0.997627489762399,1.0,1.0,False,False
American,9055,8833,97.548315847598,2025-07-08,2026-09-25,444,435,5013,45,True,,-1.1300698546759043,-2.0420051768415517,-0.2181345325102566,0.4941916204870309,-2.0986854308304848,-0.16145427852132366,0.022213117969171862,0.4226495959539727,1.0,False,False
Anarchist,403,15,3.722084367245657,2025-07-10,2026-09-25,442,259,372,3,True,,4.72161960384724,-0.5328732833445082,9.97611249103899,3.0370046097287493,-1.2309094312211082,10.67414863891559,0.12001843395950472,0.7477254646680648,1.0,False,False
Aquarius,419,33,7.875894988066825,2025-07-08,2026-09-25,444,274,385,4,True,,3.863241301383956,-3.6062019982965388,11.33268460106445,4.657960153035939,-5.266360598566484,12.992843201334397,0.40688670563914914,0.8818966931623946,1.0,False,False
Aries,397,19,4.785894206549118,2025-07-08,2026-09-23,442,263,378,3,True,,-2.0660218414431415,-8.067223961769981,3.9351802788836987,3.1986837124904173,-8.33544191792436,4.203398235038076,0.518345733058634,0.9191823578671998,1.0,False,False
Arizona Cardinals fan,1293,29,2.2428460943542152,2025-07-08,2026-09-24,443,413,1090,9,True,,-0.5583202521995466,-2.8960608561449472,1.7794203517458538,1.1446196918749867,-2.8017748482745204,1.685134343875427,0.6257071280904885,0.9279874291602496,1.0,False,False
Arizona Diamondbacks fan,429,14,3.263403263403263,2025-07-08,2026-09-25,444,273,398,4,True,,-1.7034906378550176,-6.347246438229087,2.9402651625190512,2.3843983809182747,-6.376911464454835,2.9699301887448004,0.4749600557589457,0.9161039218216102,1.0,False,False
Atlanta Braves fan,394,19,4.822335025380711,2025-07-08,2026-09-25,444,268,369,4,True,,-4.000449501770148,-10.030354334687782,2.029455331147486,2.959875899012796,-9.801806263835228,1.8009072602949319,0.17651615347262725,0.7688209418673357,1.0,False,False
Atlanta Falcons fan,1232,40,3.2467532467532463,2025-07-08,2026-09-25,444,418,1028,8,True,,-0.9612534034016273,-3.8098707696255882,1.8873639628223335,1.565635024677026,-4.0298980517685985,2.107391244965344,0.5392349544413431,0.9279874291602496,1.0,False,False
Baltimore Orioles fan,426,16,3.755868544600939,2025-07-10,2026-09-23,440,282,397,4,True,,-2.3063558251847986,-7.707944652593513,3.0952330022239156,3.1759113168705055,-8.531142006250988,3.9184303558813918,0.46771442979933797,0.9161039218216102,1.0,False,False
Baltimore Ravens fan,1285,46,3.5797665369649803,2025-07-08,2026-09-25,444,416,1082,8,True,,-1.2465662582567567,-4.18859219920784,1.6954596826943267,1.4200093211587048,-4.029784527727818,1.5366520112143045,0.38002089294440855,0.8785240741984486,1.0,False,False
Baptist,432,34,7.87037037037037,2025-07-08,2026-09-25,444,282,404,4,True,,-2.03072310320432,-9.371995567791641,5.310549361383002,3.9100455278837334,-9.694412337856438,5.632966131447797,0.6035093884343634,0.9279874291602496,1.0,False,False
Boston Celtics fan,451,29,6.430155210643015,2025-07-08,2026-09-25,444,279,417,4,True,,5.334475987320134,-0.9040323926663216,11.57298436730659,3.0050143787236365,-0.5553521949781928,11.224304169618462,0.07586627248131797,0.6283512450217394,1.0,False,False
Boston Red Sox fan,417,26,6.235011990407674,2025-07-08,2026-09-25,444,268,376,6,True,,-0.520538600446225,-7.108680202905701,6.06760300201325,3.2158591364078246,-6.8236225078055615,5.782545306913111,0.8714112931525773,0.973813927178263,1.0,False,False
Brooklyn Nets fan,419,9,2.1479713603818613,2025-07-09,2026-09-24,442,286,389,4,True,,1.5014070785582172,-2.483119781682531,5.485933938798965,1.9205335998573638,-2.262838777162216,5.26565293427865,0.43435234825061664,0.8967274286464344,1.0,False,False
Buddhist,443,12,2.708803611738149,2025-07-08,2026-09-25,444,278,409,3,True,,-2.5642082374807296,-6.903361186919302,1.774944711957842,2.6536117073473693,-7.765287183881574,2.636870708920114,0.33388970413078795,0.8785240741984486,1.0,False,False
Buffalo Bills fan,8694,505,5.808603634690591,2025-07-08,2026-09-25,444,432,4832,48,True,,0.02145029227272984,-1.4480626854199767,1.4909632699654363,0.8836305971148577,-1.7104656780723912,1.7533662626178508,0.9806331103586884,1.0,1.0,False,False
CEO,438,23,5.251141552511415,2025-07-08,2026-09-25,444,286,396,4,True,,8.508333235888955e-05,-6.1102450041979885,6.110415170862707,3.565503034797351,-6.988300864870449,6.988471031535167,0.999980960140378,1.0,1.0,False,False
COVID survivor,398,196,49.246231155778894,2025-07-09,2026-09-25,443,259,364,4,True,,16.588856305674017,2.404184711539127,30.773527899808908,7.37345139977367,2.136891562117624,31.04082104923041,0.02446108120126754,0.4501567367699582,1.0,False,False
Cancer,435,27,6.206896551724138,2025-07-08,2026-09-25,444,282,391,5,True,,4.1259613394651655,-2.4845055778225476,10.736428256752879,3.1287517928305073,-2.0063921744826283,10.258314853412958,0.18726126547677596,0.7847138743788707,1.0,False,False
Capricorn,436,27,6.192660550458716,2025-07-09,2026-09-25,443,288,401,5,True,,-5.90380033704447,-12.430562397472125,0.6229617233831846,3.4849340606440085,-12.734271095906728,0.9266704218177866,0.09024772462236329,0.6492986041868787,1.0,False,False
Carolina Panthers fan,1287,54,4.195804195804196,2025-07-08,2026-09-25,444,413,1061,10,True,,-0.5417635219790136,-3.6983794972494177,2.61485245329139,1.5091654499461655,-3.4997278038734976,2.416200759915471,0.7196084109746939,0.9346902893008421,1.0,False,False
Catholic,417,66,15.827338129496402,2025-07-08,2026-09-23,442,275,392,4,True,,-2.34302253792811,-12.351688681988291,7.66564360613207,4.931428192457135,-12.008621795144094,7.3225767192878735,0.6347011006800936,0.9279874291602496,1.0,False,False
Charlotte Hornets fan,465,13,2.795698924731183,2025-07-09,2026-09-25,443,292,423,5,True,,-1.3147343438825418,-5.617693689471978,2.988225001706895,2.00056819946933,-5.2358480148424285,2.6063793270773443,0.511064883582945,0.9191823578671998,1.0,False,False
Chicago Bears fan,1303,89,6.830391404451267,2025-07-08,2026-09-25,444,419,1075,8,True,,-3.125920892331436,-7.011974872262177,0.7601330875993044,1.8727749537797707,-6.796559801739786,0.5447180170769141,0.09508992266053079,0.6694330555301368,1.0,False,False
Chicago Bulls fan,425,33,7.764705882352942,2025-07-08,2026-09-24,443,276,396,3,True,,-0.7266421617718161,-8.073666495035623,6.620382171491991,4.012552108375759,-8.591244294188304,7.137959970644672,0.8562951535032628,0.9674420129279254,1.0,False,False
Chicago Cubs fan,1286,105,8.164852255054432,2025-07-08,2026-09-25,444,416,1076,7,True,,-0.33821114249351125,-4.6728930011522385,3.9964707161652155,2.158325504824501,-4.568529131949533,3.89210684696251,0.8754807262256638,0.973813927178263,1.0,False,False
Chicago White Sox fan,403,11,2.729528535980149,2025-07-08,2026-09-25,444,276,370,5,True,,-0.11942642399668149,-4.923315166921966,4.684462318928603,2.5820734561612926,-5.180290398072814,4.941437550079452,0.9631092848874392,1.0,1.0,False,False
Christian,1314,629,47.86910197869102,2025-07-08,2026-09-25,444,415,1086,13,True,,-3.7274774065814325,-11.464155168679344,4.009200355516478,4.177174411637495,-11.914739253390922,4.4597844402280575,0.3722084637764351,0.8785240741984486,1.0,False,False
Cincinnati Bengals fan,1318,69,5.235204855842185,2025-07-08,2026-09-25,444,417,1091,8,True,,-0.8618101252952846,-4.285582086285185,2.5619618356946154,1.6997584943782524,-4.193336774276659,2.46971652368609,0.6121413744327997,0.9279874291602496,1.0,False,False
Cincinnati Reds fan,1277,57,4.463586530931871,2025-07-08,2026-09-25,444,413,1066,8,True,,-1.7063949205651925,-4.907970647894377,1.4951808067639916,1.8280041436617889,-5.289283042142299,1.8764932010119137,0.3505751246688276,0.8785240741984486,1.0,False,False
Cleveland Browns fan,9074,344,3.7910513555212697,2025-07-08,2026-09-25,444,435,5012,49,True,,-0.3488032854334837,-1.4742341716767626,0.7766276008097952,0.7075706871517897,-1.7356418322509914,1.038035261384024,0.6220416103617454,0.9279874291602496,1.0,False,False
Cleveland Cavaliers fan,1302,49,3.763440860215054,2025-07-08,2026-09-25,444,418,1090,9,True,,-0.08124671781019147,-3.072330513255265,2.909837077634882,1.4142781992867564,-2.853231988412234,2.690738552791851,0.9541887422805041,1.0,1.0,False,False
Cleveland Guardians fan,1259,25,1.9857029388403495,2025-07-08,2026-09-25,444,417,1052,11,True,,-0.16825312129130404,-2.389849595817736,2.0533433532351277,0.9431494100873121,-2.0168259650624356,1.6803197224798276,0.858412790501329,0.9674420129279254,1.0,False,False
Colorado Rockies fan,425,12,2.823529411764706,2025-07-09,2026-09-25,443,269,394,4,True,,1.2018800564642207,-3.230932541262205,5.634692654190647,2.4534581563797153,-3.606897930040021,6.010658042968463,0.6242245923009193,0.9279874291602496,1.0,False,False
Communist,437,16,3.6613272311212817,2025-07-09,2026-09-24,442,288,414,5,True,,0.9113121812653051,-4.036128902332207,5.858753264862816,2.7431747359091587,-4.465310301116645,6.287934663647256,0.7397301146242349,0.9485792362394561,1.0,False,False
Confucian,383,12,3.1331592689295036,2025-07-08,2026-09-24,443,261,357,3,True,,-2.5749850948174777,-7.686307081214689,2.5363368915797344,2.8875612103697654,-8.234605067142217,3.0846348775072623,0.37252650413850613,0.8785240741984486,1.0,False,False
Dallas Cowboys fan,1342,96,7.153502235469449,2025-07-08,2026-09-25,444,417,1105,8,True,,-2.2464996974149747,-6.205641357587883,1.712641962757934,1.969373345546711,-6.106471454686528,1.613472059856579,0.25398727803219506,0.8620341775063027,1.0,False,False
Dallas Mavericks fan,1226,59,4.8123980424143555,2025-07-08,2026-09-25,444,414,993,11,True,,1.1287416137417114,-2.257606882511557,4.51509010999498,1.8280342260157574,-2.454205469249173,4.711688696732596,0.5369300583049855,0.9279874291602496,1.0,False,False
Democrat,8860,4256,48.03611738148984,2025-07-08,2026-09-25,444,435,4913,50,True,,0.4980583341172875,-2.47834741349806,3.474464081732635,1.9962909912845712,-3.414672008800472,4.410788677035047,0.8029803437807135,0.9610064016405695,1.0,False,False
Democratic Socialist,410,124,30.24390243902439,2025-07-08,2026-09-25,444,264,377,4,True,,10.844981517774887,-1.9226510165937079,23.61261405214348,6.375624886678806,-1.6512432601155727,23.341206295665344,0.08894170348778993,0.6492986041868787,1.0,False,False
Denver Broncos fan,1266,48,3.7914691943127963,2025-07-08,2026-09-25,444,419,1043,10,True,,-0.43091139645856186,-3.4828586793765415,2.6210358864594174,1.517429068765789,-3.4050723712395086,2.5432495783223845,0.776429803708653,0.9529612286836466,1.0,False,False
Denver Nuggets fan,415,12,2.891566265060241,2025-07-11,2026-09-24,440,269,382,3,True,,-1.3071351380000056,-5.928721262541182,3.3144509865411704,2.6727557037384186,-6.545736317327306,3.931466041327295,0.624799951978293,0.9279874291602496,1.0,False,False
Detroit Lions fan,1323,64,4.837490551776266,2025-07-08,2026-09-25,444,419,1100,7,True,,-2.4304909791003055,-5.728035775691244,0.8670538174906328,2.0324933880499,-6.4141780196781095,1.553196061477498,0.2317678203518991,0.8530168463822171,1.0,False,False
Detroit Pistons fan,400,12,3.0,2025-07-09,2026-09-25,443,270,370,3,True,,3.1825628513383317,-1.5515638740698168,7.91668957674648,2.3270343270060936,-1.3784244295936117,7.7435501322702756,0.17142241749768558,0.7688209418673357,1.0,False,False
Detroit Tigers fan,437,14,3.203661327231121,2025-07-08,2026-09-25,444,270,389,4,True,,-1.7259922401387635,-6.584383368110192,3.1323988878326645,2.8619327564973673,-7.335380442873603,3.883395962596076,0.5464513255795398,0.9279874291602496,1.0,False,False
Disney fan,440,209,47.5,2025-07-10,2026-09-25,442,276,409,5,True,,15.640889704145744,3.315993867479113,27.965785540812377,6.380445016211318,3.1352174723715596,28.146561935919927,0.014230997544607011,0.4129960606704389,1.0,False,False
English speaker,442,436,98.64253393665159,2025-07-08,2026-09-25,444,274,397,5,True,,-0.6842018094664297,-3.7150277547686383,2.346624135835779,1.3954030291311312,-3.4191917465634467,2.0507881276305873,0.6239035237457262,0.9279874291602496,1.0,False,False
Episcopalian,427,7,1.639344262295082,2025-07-10,2026-09-25,442,282,387,4,True,,0.406324876173933,-3.0177186441429567,3.830368396490823,1.595151269353718,-2.720171611759354,3.53282136410722,0.7989355207854648,0.9581782055076103,1.0,False,False
Evangelical,1332,143,10.735735735735735,2025-07-08,2026-09-25,444,415,1131,8,True,,-1.1663100377853037,-5.8796607938322465,3.5470407182616386,2.6195435707038017,-6.3006154363647555,3.9679953607941476,0.6561506099178231,0.9279874291602496,1.0,False,False
Facebook user,1314,914,69.558599695586,2025-07-08,2026-09-25,444,420,1096,10,True,,-2.4570353107231666,-9.648437607169658,4.734366985723326,3.7984258128183632,-9.901949903847157,4.987879282400825,0.5177250115449898,0.9191823578671998,1.0,False,False
Gemini,435,43,9.885057471264368,2025-07-08,2026-09-23,442,281,403,4,True,,4.038944886204689,-3.9220421323348127,11.99993190474419,3.969294905589333,-3.740873128750404,11.818762901159783,0.3088931941751334,0.8785240741984486,1.0,False,False
Golden State Warriors fan,1273,85,6.677140612725845,2025-07-10,2026-09-25,442,407,1052,8,True,,0.8341727646354279,-3.1075008611410335,4.775846390411889,1.956047497805109,-2.9996803310625855,4.668025860333441,0.669773899935246,0.9279874291602496,1.0,False,False
Google user,450,423,94.0,2025-07-12,2026-09-25,440,291,425,3,True,,-0.9731376993076964,-7.436697939296716,5.4904225406813225,3.624732576850407,-8.077613549934494,6.131338151319101,0.7883363443321285,0.9529612286836466,1.0,False,False
Green Bay Packers fan,1317,80,6.074411541381928,2025-07-08,2026-09-25,444,412,1094,10,True,,-1.2517216749802873,-4.8941473266318,2.390703976671226,1.9460607012465527,-5.066000649423531,2.5625572994629557,0.5200891885223956,0.9199567555773027,1.0,False,False
Hindu,446,9,2.0179372197309418,2025-07-08,2026-09-25,444,276,415,4,True,,0.16772204854979356,-3.5103578373505595,3.8458019344501464,1.966388418092798,-3.6863992509120904,4.021843348011678,0.9320272916084944,0.9881735139945482,1.0,False,False
Houston Astros fan,455,17,3.7362637362637363,2025-07-11,2026-09-25,441,278,413,4,True,,4.6185959053857095,-0.2698123131046648,9.507004123876083,2.443848875886567,-0.17134789135196105,9.408539702123381,0.0587732012855787,0.6019753251802631,1.0,False,False
Houston Rockets fan,402,9,2.2388059701492535,2025-07-09,2026-09-25,443,257,365,4,True,,-1.079372201846173,-5.267355015934418,3.108610612242072,1.9428615995817393,-4.887380937026382,2.7286365333340363,0.5785130861785432,0.9279874291602496,1.0,False,False
Houston Texans fan,1311,48,3.6613272311212817,2025-07-08,2026-09-25,444,409,1111,9,True,,0.2313509361032195,-2.73617901893729,3.1988808911437285,1.6486258582584128,-2.9999557460832698,3.4626576182897084,0.8883996123838749,0.9769697915737859,1.0,False,False
IT specialist,435,53,12.183908045977011,2025-07-09,2026-09-24,442,281,412,3,True,,-8.83812799991698,-17.473892016376368,-0.2023639834575892,4.077072910902203,-16.829190905285298,-0.847065094548662,0.030176719682879688,0.47677064630579646,1.0,False,False
Independent,433,323,74.5958429561201,2025-07-08,2026-09-24,443,277,392,5,True,,-7.022710286697302,-18.66076774323915,4.615347169844544,5.693154847418558,-18.181293787637678,4.135873214243071,0.21737593075751177,0.8454842831673386,1.0,False,False
Indiana Pacers fan,441,15,3.4013605442176873,2025-07-11,2026-09-25,441,278,401,4,True,,2.2353955398675582,-2.6013127721619123,7.072103851897029,2.5358524036457517,-2.734875171278115,7.205666251013231,0.37803836908291044,0.8785240741984486,1.0,False,False
Indianapolis Colts fan,1272,38,2.9874213836477987,2025-07-08,2026-09-25,444,416,1059,8,True,,-0.5626012221462025,-3.2322079846324376,2.1070055403400323,1.16601143722596,-2.847983639109084,1.7227811948166794,0.6294503698013032,0.9279874291602496,1.0,False,False
Instagram user,468,312,66.66666666666666,2025-07-08,2026-09-25,444,287,425,8,True,,-8.88120450857382,-20.766720743067033,3.0043117259193934,6.256667459610359,-21.144272729410122,3.381863712262483,0.15575958077849267,0.7688209418673357,1.0,False,False
Jacksonville Jaguars fan,1288,37,2.872670807453416,2025-07-08,2026-09-25,444,417,1082,8,True,,0.7303681300008859,-1.970830192081376,3.431566452083148,1.3364452606463695,-1.8890645808659983,3.34980084086777,0.5847218788995572,0.9279874291602496,1.0,False,False
Jain,420,1,0.2380952380952381,2025-07-08,2026-09-25,444,287,388,4,True,,0.7172819322576569,-0.6536811486232392,2.088245013138553,0.7181523155638375,-0.6902966062474647,2.1248604707627785,0.3178973886682308,0.8785240741984486,1.0,False,False
Jehovah's Witness,388,4,1.0309278350515463,2025-07-08,2026-09-23,442,264,360,3,True,,-0.013053436463166472,-2.979905556306517,2.9537986833801844,0.792480872359098,-1.5663159462869987,1.5402090733606657,0.9868581503480278,1.0,1.0,False,False
Jewish,435,15,3.4482758620689653,2025-07-11,2026-09-23,439,276,399,5,True,,2.818611358890694,-2.095381430607378,7.7326041483887655,2.080054121811868,-1.2582947198605678,6.8955174376419555,0.17539641667616399,0.7688209418673357,1.0,False,False
Kansas City Chiefs fan,1312,95,7.240853658536585,2025-07-08,2026-09-25,444,421,1090,10,True,,0.5779219580028475,-3.404092548838065,4.55993646484376,2.005491068695385,-3.352840536640107,4.508684452645802,0.7732167656188268,0.9516514038385561,1.0,False,False
Kansas City Royals fan,441,13,2.947845804988662,2025-07-08,2026-09-25,444,278,404,4,True,,-1.0718980679435708,-5.575271844198615,3.4314757083114733,2.170682810458471,-5.326436376442174,3.182640240555032,0.6214425862210103,0.9279874291602496,1.0,False,False
Las Vegas Raiders fan,1348,45,3.3382789317507418,2025-07-08,2026-09-25,444,416,1138,8,True,,-1.0354415492163898,-3.8409137225488,1.7700306241160204,1.5421721110976516,-4.058098886967787,1.9872157885350075,0.5019545146702973,0.9178596839685437,1.0,False,False
Leo,402,25,6.218905472636816,2025-07-08,2026-09-25,444,263,365,5,True,,-3.237079335175351,-9.989392726208768,3.515234055858066,3.2805182214072026,-9.666895049133469,3.192736378782766,0.3237610294971085,0.8785240741984486,1.0,False,False
Libertarian,1264,113,8.93987341772152,2025-07-08,2026-09-25,444,415,1073,8,True,,0.9857891359509575,-3.478029708204118,5.449607980106033,2.1735524765213956,-3.2743737180309775,5.245951989932893,0.6501612235838979,0.9279874291602496,1.0,False,False
Libra,396,29,7.3232323232323235,2025-07-08,2026-09-24,443,261,371,4,True,,-4.092332924624624,-11.359977603926826,3.175311754677578,4.412677461945209,-12.741180750037234,4.5565149007879855,0.35371702682715966,0.8785240741984486,1.0,False,False
LinkedIn user,419,176,42.004773269689736,2025-07-08,2026-09-25,444,274,386,7,True,,-3.631155300651291,-17.331890920724746,10.069580319422165,6.811286528070512,-16.981276895669495,9.718966294366911,0.5939584188729059,0.9279874291602496,1.0,False,False
Los Angeles Angels fan,445,15,3.3707865168539324,2025-07-09,2026-09-25,443,277,410,5,True,,1.3861318246959293,-3.346979033670573,6.119242683062431,2.129958278605622,-2.7885864013710897,5.560850050762948,0.5151892471839679,0.9191823578671998,1.0,False,False
Los Angeles Chargers fan,1349,55,4.077094143810229,2025-07-08,2026-09-25,444,419,1119,10,True,,0.4274447031724014,-2.613891861126269,3.4687812674710723,1.5330560133966245,-2.5773450830849822,3.4322344894297854,0.7803839535507044,0.9529612286836466,1.0,False,False
Los Angeles Clippers fan,475,14,2.9473684210526314,2025-07-08,2026-09-25,444,295,437,4,True,,-0.5290139229345665,-5.079189954226008,4.021162108356876,1.7223034129096526,-3.9047286122374856,2.8467007663683526,0.7587254760852369,0.9512905030820662,1.0,False,False
Los Angeles Dodgers fan,464,36,7.758620689655173,2025-07-09,2026-09-25,443,296,429,4,True,,4.937689771211231,-1.9197233865398955,11.795102928962358,3.06672025218585,-1.073081923073035,10.948461465495496,0.10737862550595514,0.7022668685805598,1.0,False,False
Los Angeles Lakers fan,398,41,10.301507537688442,2025-07-08,2026-09-25,444,249,370,4,True,,3.5210012922494935,-5.176416968813609,12.218419553312597,3.7682324787166808,-3.8647343660352003,10.906736950534187,0.35010240573164,0.8785240741984486,1.0,False,False
Los Angeles Rams fan,1205,51,4.232365145228216,2025-07-08,2026-09-25,444,413,1027,9,True,,-2.4290951502731244,-5.6671739319047045,0.8089836313584557,1.5248487411276113,-5.417798682883243,0.5596083823369935,0.11115855719849102,0.7114147660703425,1.0,False,False
Lutheran,423,16,3.7825059101654848,2025-07-08,2026-09-25,444,271,390,4,True,,-2.3941356392693285,-7.58868606200012,2.8004147834614628,2.29171661736307,-6.885900209300946,2.097628930762289,0.29616582300876937,0.8785240741984486,1.0,False,False
Lyft driver,476,2,0.42016806722689076,2025-07-08,2026-09-24,443,284,441,4,True,,1.101539005640277,-0.5120704101871625,2.7151484214677164,0.7975099080875566,-0.461580414211334,2.664658425491888,0.16721041353375898,0.7688209418673357,1.0,False,False
MAGA (Make America Great Again),8848,1516,17.133815551537072,2025-07-08,2026-09-25,444,435,4902,49,True,,-5.206827555868138,-7.449998365535601,-2.963656746200675,1.5592263834718505,-8.262911267472965,-2.150743844263311,0.0008396985436522754,0.11822955494624036,0.5911477747312018,False,False
Mac user,1271,343,26.986624704956725,2025-07-09,2026-09-24,442,417,1063,8,True,,2.7220316367737336,-4.26694713945817,9.711010413005638,3.800725199865619,-4.727389754962879,10.171453028510346,0.4738756197909719,0.9161039218216102,1.0,False,False
Memphis Grizzlies fan,477,10,2.0964360587002098,2025-07-08,2026-09-25,444,298,435,4,True,,0.7639091594672618,-2.946364589409005,4.474182908343529,2.06461524521133,-3.2827367211469456,4.810555040081469,0.7113819423029722,0.930379849579687,1.0,False,False
Methodist,438,20,4.5662100456621,2025-07-08,2026-09-25,444,283,411,4,True,,2.0071998118906573,-3.5684676396962787,7.582867263477594,2.929947006248785,-3.7354963203569613,7.7498959441382755,0.49330383838664876,0.9178596839685437,1.0,False,False
Miami Dolphins fan,1294,55,4.250386398763524,2025-07-08,2026-09-25,444,418,1090,6,True,,0.33875582572968344,-2.8316194975056694,3.509131148965036,1.7205764660539284,-3.0335740477360167,3.711085699195383,0.843917473882274,0.9644771130083132,1.0,False,False
Miami Heat fan,434,15,3.4562211981566824,2025-07-08,2026-09-23,442,277,396,4,True,,3.2499515456151595,-1.741950340092055,8.241853431322374,2.3465934618337196,-1.3493716395789308,7.84927473080925,0.16606294410146585,0.7688209418673357,1.0,False,False
Miami Marlins fan,415,6,1.4457831325301205,2025-07-12,2026-09-25,440,261,377,5,True,,1.3011798335103173,-2.0646705727982813,4.667030239818916,1.8259719996695956,-2.2777252858420898,4.880084952862725,0.47609596040077573,0.9161039218216102,1.0,False,False
Microsoft user,442,353,79.86425339366517,2025-07-08,2026-09-25,444,284,415,3,True,,-2.776296273612603,-14.030400999978422,8.477808452753216,5.659942693966067,-13.869783953786094,8.317191406560887,0.6237683327805136,0.9279874291602496,1.0,False,False
Milwaukee Brewers fan,420,7,1.6666666666666667,2025-07-10,2026-09-25,442,265,381,6,True,,0.9620839084831874,-2.733852516336074,4.658020333302448,1.9422790685072768,-2.8447830657910753,4.76895088275745,0.6203618134584591,0.9279874291602496,1.0,False,False
Milwaukee Bucks fan,1319,31,2.350265352539803,2025-07-08,2026-09-25,444,422,1108,8,True,,-0.9583259304226753,-3.2781976847381764,1.361545823892826,1.113291432267703,-3.140377137667373,1.2237252768220226,0.389345896519767,0.8785240741984486,1.0,False,False
Minnesota Timberwolves fan,470,14,2.9787234042553195,2025-07-08,2026-09-25,444,276,433,3,True,,0.21940108551211254,-4.180829542667959,4.619631713692184,2.0129566826234497,-3.7259940124298487,4.164796183454074,0.9132069006367374,0.98532845281587,1.0,False,False
Minnesota Twins fan,457,7,1.5317286652078774,2025-07-09,2026-09-25,443,277,412,5,True,,-2.6552095194039516,-5.80191101095457,0.49149197214666707,1.7519919413042806,-6.089113724360342,0.7786946855524381,0.1296363364379227,0.754247775638823,1.0,False,False
Minnesota Vikings fan,1315,40,3.041825095057034,2025-07-08,2026-09-25,444,419,1097,8,True,,-2.378327704169656,-4.995721241088884,0.23906583274957116,1.321513599418524,-4.968494359029963,0.21183895069065128,0.07190805945217639,0.6134457501727264,1.0,False,False
Mormon,419,1,0.23866348448687352,2025-07-12,2026-09-21,436,273,392,5,True,,-0.9252897425323663,-2.2777641501176085,0.4271846650528759,0.9240817658166837,-2.736490003533066,0.8859105184683336,0.3166783041656885,0.8785240741984486,1.0,False,False
Muslim,417,3,0.7194244604316548,2025-07-08,2026-09-25,444,277,385,7,True,,1.0508071194211714,-1.2608966227683167,3.3625108616106596,1.2556026757899579,-1.410174125127146,3.511788363969489,0.40265180687990554,0.8818966931623946,1.0,False,False
Netflix user,412,298,72.33009708737865,2025-07-10,2026-09-23,440,274,371,5,True,,3.610018052436123,-8.708971380829047,15.929007485701293,6.092227942322248,-8.330748714515483,15.55078481938773,0.5534748352643308,0.9279874291602496,1.0,False,False
Never-Trumper,396,190,47.97979797979798,2025-07-08,2026-09-25,444,259,369,4,True,,-1.5289549393669624,-15.546191282772918,12.488281404038995,7.234258921912996,-15.708102426316435,12.650192547582511,0.8326147826594323,0.9644771130083132,1.0,False,False
New Age,430,48,11.162790697674419,2025-07-09,2026-09-24,442,277,397,6,True,,4.842158767270074,-3.842542676724382,13.52686021126453,4.599721977327527,-4.173296308291879,13.857613842832027,0.29247537483559244,0.8785240741984486,1.0,False,False
New England Patriots fan,1368,110,8.04093567251462,2025-07-08,2026-09-25,444,425,1113,9,True,,2.0845669527139616,-2.054997228877342,6.224131134305265,2.4140100912731652,-2.6468928261814417,6.816026731609365,0.38784685661599577,0.8785240741984486,1.0,False,False
New Orleans Saints fan,1277,58,4.541895066562255,2025-07-08,2026-09-25,444,409,1082,9,True,,-0.9426008593160506,-4.266858961566958,2.381657242934857,1.7649160361323288,-4.401836290135415,2.516634571503314,0.5932883412050696,0.9279874291602496,1.0,False,False
New York Giants fan,1309,79,6.035141329258977,2025-07-08,2026-09-25,444,415,1096,8,True,,2.231537783018974,-1.459997842153371,5.9230734081913194,2.110576029114865,-1.9051912340461619,6.368266800084109,0.2903691275080257,0.8785240741984486,1.0,False,False
New York Jets fan,1271,57,4.484657749803304,2025-07-08,2026-09-25,444,415,1043,8,True,,-1.1275839929502023,-4.395326420654925,2.140158434754521,1.5493747475736828,-4.164358498194621,1.9091905122942159,0.46675615702817125,0.9161039218216102,1.0,False,False
New York Knicks fan,403,30,7.444168734491314,2025-07-10,2026-09-24,441,263,373,3,True,,10.2860294858294,3.0453821085879627,17.52667686307084,3.8268042542018565,2.785493147593762,17.78656582406504,0.00719050457727218,0.3483427682385604,1.0,False,False
New York Mets fan,415,25,6.024096385542169,2025-07-10,2026-09-24,441,275,382,5,True,,-1.1690263329907111,-7.555520219464528,5.217467553483106,3.957123553996409,-8.924988498823673,6.58693583284225,0.7676705683460068,0.9512905030820662,1.0,False,False
New York Yankees fan,398,45,11.306532663316583,2025-07-08,2026-09-25,444,268,370,3,True,,-2.37025287705985,-11.316615171925681,6.5761094178059825,4.577398386568222,-11.341953714733565,6.601447960613866,0.6045862340444216,0.9279874291602496,1.0,False,False
Oakland Athletics fan,444,10,2.2522522522522523,2025-07-09,2026-09-25,443,288,416,4,True,,-2.008092674620545,-5.8747133987135225,1.8585280494724317,1.7369229399349515,-5.412461636893051,1.3962762876519599,0.2476317643705671,0.8530168463822171,1.0,False,False
Oklahoma City Thunder fan,430,12,2.7906976744186047,2025-07-08,2026-09-24,443,271,399,4,True,,-1.8534410474467955,-6.2129733179751945,2.506091223081604,2.4752444067766253,-6.704920084728981,2.99803798983539,0.4539831089201576,0.9126511272866045,1.0,False,False
Orlando Magic fan,440,12,2.727272727272727,2025-07-08,2026-09-25,444,267,410,3,True,,-5.0576988225278265,-9.51728687396593,-0.5981107710897247,1.9069960561223052,-8.795411092527544,-1.3199865525281087,0.007997364356370119,0.35188403168028526,1.0,False,False
Pagan,417,18,4.316546762589928,2025-07-09,2026-09-25,443,270,383,4,True,,3.506830475424754,-2.0899642965717997,9.103625247421308,3.231081580914483,-2.8260894231676317,9.83975037401714,0.27776994595766946,0.8785240741984486,1.0,False,False
Pentecostal,461,18,3.9045553145336225,2025-07-08,2026-09-25,444,280,422,4,True,,5.347767811427091,0.4752304218655663,10.220305200988616,2.3206851773715518,0.7992248637788499,9.896310759075332,0.0212006618714517,0.4226495959539727,1.0,False,False
Philadelphia 76ers fan,1391,55,3.9539899352983463,2025-07-08,2026-09-25,444,419,1163,9,True,,-0.40802978611020546,-3.296448927827691,2.4803893556072802,1.3847247737305208,-3.1220903426220263,2.3060307704016156,0.7682498794455892,0.9512905030820662,1.0,False,False
Philadelphia Eagles fan,1293,103,7.965970610982212,2025-07-08,2026-09-25,444,422,1045,10,True,,1.0842112665776404,-3.0513768746747303,5.219799407830012,2.183872803468857,-3.1961794282213187,5.3646019613766,0.6195680368870721,0.9279874291602496,1.0,False,False
Philadelphia Phillies fan,434,20,4.6082949308755765,2025-07-13,2026-09-25,439,273,401,7,True,,-0.9771421418105214,-6.691018294513809,4.736734010892766,2.9044850914672486,-6.669932921086328,4.715648637465286,0.7365502063927808,0.9462250826651784,1.0,False,False
Phoenix Suns fan,430,20,4.651162790697675,2025-07-08,2026-09-25,444,277,397,5,True,,-4.819134595267802,-10.343042173505324,0.70477298296972,2.8147461631998247,-10.336037075139458,0.697767884603854,0.0868777380401063,0.6492986041868787,1.0,False,False
Pinterest user,382,137,35.86387434554974,2025-07-11,2026-09-25,441,252,350,4,True,,4.619146926356859,-9.397435638563145,18.635729491276866,7.414261856330391,-9.912806312050709,19.151100164764426,0.5332790452894483,0.9279874291602496,1.0,False,False
Pisces,426,30,7.042253521126761,2025-07-08,2026-09-25,444,266,391,5,True,,0.5119655361731257,-6.199007147756521,7.222938220102772,3.7093261975557823,-6.758313811036207,7.782244883382458,0.8902236876077925,0.9769697915737859,1.0,False,False
Pittsburgh Pirates fan,412,18,4.368932038834951,2025-07-09,2026-09-24,442,272,392,3,True,,1.8442849431002308,-3.881163417208205,7.5697333034086665,3.298058601644153,-4.6199099161223085,8.30847980232277,0.5760230454944383,0.9279874291602496,1.0,False,False
Pittsburgh Steelers fan,1306,97,7.427258805513016,2025-07-08,2026-09-25,444,422,1058,13,True,,0.8131673465364975,-3.2104873957172,4.8368220887901945,2.14040362232516,-3.3820237532208157,5.00835844629381,0.7040099327743565,0.930379849579687,1.0,False,False
Portland Trail Blazers fan,462,11,2.380952380952381,2025-07-09,2026-09-25,443,294,417,4,True,,-1.0477154351787645,-5.115174481558472,3.0197436112009433,2.3950413452354704,-5.741996471840286,3.6465656014827577,0.6617836374875483,0.9279874291602496,1.0,False,False
Presbyterian,438,16,3.65296803652968,2025-07-10,2026-09-25,442,284,404,4,True,,-4.8471708895791386,-9.792511281283101,0.09816950212482478,2.651641225603596,-10.044387691762186,0.3500459126039095,0.06755120836539884,0.6019753251802631,1.0,False,False
Progressive,1259,672,53.375694996028585,2025-07-08,2026-09-25,444,422,1039,7,True,,4.210998241087438,-3.859341211732996,12.281337693907872,4.203527951365663,-4.027916543589262,12.449913025764138,0.3164512366699122,0.8785240741984486,1.0,False,False
Protestant,1247,259,20.769847634322375,2025-07-08,2026-09-25,444,407,1038,9,True,,-2.103233294609004,-8.511458070984109,4.3049914817661,3.4542445142241687,-8.873552542488374,4.667085953270366,0.5426015072399564,0.9279874291602496,1.0,False,False
Reddit user,400,280,70.0,2025-07-08,2026-09-22,441,279,380,3,True,,-12.621327055433419,-25.461097684144463,0.2184435732776251,6.595131076683967,-25.54778396573399,0.3051298548671557,0.055654143089969514,0.6019753251802631,1.0,False,False
Reform Jewish,404,7,1.7326732673267329,2025-07-08,2026-09-25,444,266,377,3,True,,1.0934578553960628,-2.6169218688577995,4.803837579649925,1.5259325120212308,-1.8973698681655495,4.084285578957675,0.4736312113328628,0.9161039218216102,1.0,False,False
Republican,8946,2231,24.938520008942543,2025-07-08,2026-09-25,444,435,4943,50,True,,-2.8186292868925307,-5.383762786875703,-0.2534957869093586,1.7334580000349005,-6.216206966960936,0.5789483931758741,0.10394639363892369,0.7022668685805598,1.0,False,False
Sacramento Kings fan,419,7,1.6706443914081146,2025-07-10,2026-09-23,440,273,386,4,True,,0.818664947449233,-2.7850994593712475,4.422429354269713,1.3947881624667953,-1.9151198509856857,3.5524497458841515,0.5572401598503607,0.9279874291602496,1.0,False,False
Sagittarius,438,36,8.21917808219178,2025-07-09,2026-09-25,443,281,405,5,True,,1.8815992456062585,-5.655344459983631,9.418542951196148,3.8870555922544083,-5.7370297152123815,9.500228206424898,0.6283376071244599,0.9279874291602496,1.0,False,False
San Antonio Spurs fan,472,13,2.754237288135593,2025-07-08,2026-09-25,444,295,436,4,True,,3.8967199745713867,-0.21827311703110697,8.011713066173881,2.101965723066602,-0.22313284263915323,8.016572791781927,0.06376124794646706,0.6019753251802631,1.0,False,False
San Diego Padres fan,433,7,1.6166281755196306,2025-07-08,2026-09-25,444,270,395,4,True,,-1.8646488512506836,-5.2490069172725455,1.519709214771178,1.6192251885847948,-5.038330220876881,1.3090325183755143,0.24949839882907265,0.8530168463822171,1.0,False,False
San Francisco 49ers fan,1277,80,6.264682850430697,2025-07-08,2026-09-25,444,420,1044,11,True,,-0.40632972685824287,-4.227156491259656,3.4144970375431707,1.9271251926079085,-4.183495104369744,3.3708356506532575,0.8330061918914833,0.9644771130083132,1.0,False,False
San Francisco Giants fan,443,12,2.708803611738149,2025-07-08,2026-09-23,442,287,410,4,True,,1.3056040808196505,-3.0837627103090224,5.694970871948323,2.172243111824691,-2.9519924183567445,5.563200579996045,0.5478136264649828,0.9279874291602496,1.0,False,False
Scientologist,1263,16,1.2668250197941409,2025-07-08,2026-09-25,444,418,1062,8,True,,0.2513820538318964,-1.5134552636305192,2.016219371294312,0.8972704793437705,-1.5072680856818939,2.0100321933456864,0.7793523969196128,0.9529612286836466,1.0,False,False
Scorpio,463,35,7.559395248380129,2025-07-11,2026-09-25,441,296,413,5,True,,-6.412478859155306,-13.215429538747271,0.39047182043665885,3.706950900381977,-13.678102623903982,0.8531449055933686,0.08365660390861035,0.6492986041868787,1.0,False,False
Seattle Mariners fan,470,13,2.7659574468085104,2025-07-08,2026-09-25,444,291,439,4,True,,-2.4479966449651727,-6.7782985118345636,1.8823052219042182,2.6690714485236704,-7.679376684071567,2.7833833941412216,0.35905270392292044,0.8785240741984486,1.0,False,False
Seattle Seahawks fan,1310,68,5.190839694656488,2025-07-08,2026-09-25,444,413,1099,9,True,,1.0024065813368195,-2.3896602955625816,4.39447345823622,1.4840964408662731,-1.9064224427610756,3.9112356054347144,0.49940118897771896,0.9178596839685437,1.0,False,False
Seventh-day Adventist,444,6,1.3513513513513513,2025-07-08,2026-09-24,443,285,405,4,True,,1.3710204691452492,-1.7060187221538248,4.448059660444323,1.7258764108173723,-2.0116972960568003,4.753738234347299,0.4269679157416012,0.8919448447539681,1.0,False,False
Shinto,386,4,1.0362694300518136,2025-07-08,2026-09-24,443,267,368,3,True,,-2.031510300687731,-4.9050681392787,0.8420475379032375,1.3397319853329717,-4.657384991940356,0.5943643905648934,0.1294294214810052,0.754247775638823,1.0,False,False
Sikh,381,0,0.0,2025-07-09,2026-09-24,442,253,357,3,True,,0.0,0.0,0.0,0.0,0.0,0.0,1.0,1.0,1.0,False,False
Socialist,1258,246,19.554848966613672,2025-07-08,2026-09-25,444,414,1054,9,True,,1.4436645805708863,-4.789321042993383,7.676650204135156,3.1794726623967073,-4.78810183772666,7.675430998868433,0.6497871762857017,0.9279874291602496,1.0,False,False
Spiritual but not religious,1275,494,38.745098039215684,2025-07-08,2026-09-25,444,415,1049,8,True,,3.3491910626474115,-4.522262624212999,11.220644749507823,4.15892648952587,-4.802304856823293,11.500686982118117,0.4206455329902575,0.8839834484332575,1.0,False,False
St. Louis Cardinals fan,434,19,4.377880184331797,2025-07-09,2026-09-25,443,289,403,3,True,,-0.1521901266509691,-5.7159372479455985,5.411556994643661,2.9278840188644635,-5.8908428036253175,5.58646255032338,0.9585449791649816,1.0,1.0,False,False
Star Trek fan,385,112,29.09090909090909,2025-07-09,2026-09-24,442,264,361,4,True,,3.9883908651750324,-8.819579395200202,16.796361125550266,6.751196857903424,-9.243954976315678,17.220736706665743,0.5546758985877225,0.9279874291602496,1.0,False,False
Star Wars fan,436,167,38.30275229357798,2025-07-08,2026-09-25,444,284,410,4,True,,-5.133606100381089,-18.699493960815495,8.43228176005332,6.871773420154701,-18.602282003884305,8.335069803122126,0.45502918420113375,0.9126511272866045,1.0,False,False
Tampa Bay Buccaneers fan,1270,54,4.251968503937007,2025-07-08,2026-09-25,444,414,1074,8,True,,-0.47708593480823336,-3.6903274917973112,2.7361556221808447,1.5191764399886547,-3.4546717571859964,2.50049988756953,0.7534887762212714,0.9512905030820662,1.0,False,False
Tampa Bay Rays fan,419,9,2.1479713603818613,2025-07-09,2026-09-24,442,271,386,4,True,,0.4854817665846275,-3.489398031312943,4.460361564482198,2.008540454749128,-3.4512575247236636,4.422221057892918,0.8090058629663421,0.9644771130083132,1.0,False,False
Taoist,426,9,2.112676056338028,2025-07-09,2026-09-25,443,270,403,4,True,,-2.578874301830247,-6.557889519798945,1.4001409161384513,1.7825267156982765,-6.072626664598869,0.9148780609383751,0.14796636163209648,0.7661537147012603,1.0,False,False
Taurus,433,30,6.928406466512701,2025-07-08,2026-09-25,444,277,401,4,True,,1.8618354395854626,-4.934323895535011,8.657994774705935,4.253436813980958,-6.474900715817215,10.19857159498814,0.6615856769233583,0.9279874291602496,1.0,False,False
Taylor Swift fan,405,87,21.48148148148148,2025-07-08,2026-09-21,440,281,377,4,True,,-2.606709058391327,-14.296411958909768,9.082993842127117,6.156306622125123,-14.673070037756567,9.459651920973915,0.6719881789654366,0.9279874291602496,1.0,False,False
Tennessee Titans fan,1310,43,3.2824427480916034,2025-07-08,2026-09-25,444,413,1081,9,True,,-0.047543673757479823,-2.776039479428839,2.68095213191388,1.6548940365077331,-3.2911359853126365,3.196048637797677,0.9770806197901163,1.0,1.0,False,False
Tesla owner,445,8,1.7977528089887642,2025-07-09,2026-09-24,442,286,414,4,True,,-2.4149933588799204,-5.976148116531019,1.146161398771178,1.2925171578254866,-4.9483269882178735,0.11834027045803319,0.06170048577812959,0.6019753251802631,1.0,False,False
Texas Rangers fan,423,20,4.7281323877068555,2025-07-08,2026-09-25,444,278,386,5,True,,2.7485767803683863,-2.9899093413912543,8.487062902128027,3.2335653566785876,-3.5892113187216457,9.086364879458419,0.3953171381255265,0.8818966931623946,1.0,False,False
The Beatles fan,461,188,40.780911062906725,2025-07-10,2026-09-24,441,290,418,4,True,,2.726202964266274,-10.495315724080115,15.947721652612664,7.095377695399583,-11.180737318716908,16.633143247249457,0.700813626001378,0.930379849579687,1.0,False,False
The Office fan,1351,556,41.154700222057734,2025-07-08,2026-09-25,444,423,1121,9,True,,-3.3423647812833903,-10.834555491919508,4.149825929352726,4.0828689940616965,-11.344788009644315,4.660058447077535,0.4129967435158607,0.8824963090976354,1.0,False,False
The Rolling Stones fan,455,136,29.89010989010989,2025-07-08,2026-09-22,441,283,416,5,True,,2.9310272707573075,-9.423718068911665,15.285772610426278,6.455933841893437,-9.72260305935383,15.584657600868443,0.6498251135592252,0.9279874291602496,1.0,False,False
The Simpsons fan,463,184,39.740820734341256,2025-07-08,2026-09-25,444,284,427,7,True,,3.5920320532008234,-8.75640401605249,15.940468122454137,6.3314263336975225,-8.81756356084632,16.001627667247966,0.5704874288340296,0.9279874291602496,1.0,False,False
The Twilight Zone fan,1298,472,36.36363636363637,2025-07-08,2026-09-25,444,417,1068,9,True,,-3.9770197682327355,-11.493830006849379,3.5397904703839087,3.9476644797813862,-11.714442148604252,3.7604026121387815,0.3137252432676457,0.8785240741984486,1.0,False,False
TikTok user,1232,518,42.04545454545455,2025-07-08,2026-09-25,444,418,1038,8,True,,6.751022207003933,-1.1336206985394668,14.635665112547333,4.187762644259265,-1.4569925757442252,14.959036989752091,0.10694381509732134,0.7022668685805598,1.0,False,False
Toronto Blue Jays fan,425,9,2.1176470588235294,2025-07-08,2026-09-25,444,269,389,4,True,,-1.225584715649698,-5.197284321762726,2.74611489046333,1.0043798965338016,-3.1941693128559487,0.742999881556553,0.22237383554226448,0.8508216316399684,1.0,False,False
Toronto Raptors fan,456,6,1.3157894736842104,2025-07-09,2026-09-25,443,289,417,4,True,,1.3762753878356624,-1.6427690414386569,4.395319817109982,0.9561242195314368,-0.49772808244595357,3.2502788581172783,0.15002828465807322,0.7661537147012603,1.0,False,False
Trump supporter,404,99,24.504950495049506,2025-07-08,2026-09-25,444,256,371,4,True,,-0.6051803857770456,-12.627442090631295,11.417081319077205,6.009385807489343,-12.383576568456157,11.173215796902067,0.9197839567823671,0.98532845281587,1.0,False,False
Twitter (X) user,463,215,46.436285097192226,2025-07-09,2026-09-25,443,287,433,4,True,,-5.6519714472265425,-18.889022015211264,7.585079120758178,6.914132145716215,-19.203670452830323,7.899727558377237,0.41367014488951664,0.8824963090976354,1.0,False,False
Uber driver,442,9,2.0361990950226243,2025-07-08,2026-09-25,444,285,410,4,True,,-1.9124664310995152,-5.578056529423226,1.7531236672241957,2.13401897299088,-6.09514361816164,2.2702107559626095,0.37015630832002966,0.8785240741984486,1.0,False,False
Utah Jazz fan,382,11,2.8795811518324608,2025-07-08,2026-09-25,444,262,353,3,True,,-0.31214376564525825,-4.962390913462095,4.338103382171579,2.355545332150281,-4.929012616659809,4.304725085369292,0.8945774039353146,0.9769697915737859,1.0,False,False
Virgo,445,42,9.438202247191011,2025-07-08,2026-09-25,444,278,410,4,True,,0.9236511753141625,-6.659972655159085,8.50727500578741,4.4804319328430715,-7.857995413058257,9.705297763686582,0.8366719766536996,0.9644771130083132,1.0,False,False
WWE fan,1318,175,13.277693474962064,2025-07-08,2026-09-25,444,419,1104,10,True,,1.143116023746615,-4.16154975699472,6.447781804487949,2.8398394492472123,-4.4229692967779215,6.7092013442711504,0.6872951932697252,0.930379849579687,1.0,False,False
Washington Commanders fan,1313,36,2.7418126428027416,2025-07-08,2026-09-25,444,423,1078,8,True,,-0.2435729608861075,-2.77870013227879,2.291554210506575,1.3745254777323868,-2.9376428972415853,2.4504969754693704,0.8593472691831681,0.9674420129279254,1.0,False,False
Washington Nationals fan,409,11,2.689486552567237,2025-07-09,2026-09-25,443,271,388,4,True,,1.3482359087066176,-3.2326677157065067,5.929139533119741,2.335774224895909,-3.229881572089364,5.926353389502599,0.5637965417549584,0.9279874291602496,1.0,False,False
Washington Wizards fan,453,7,1.545253863134658,2025-07-08,2026-09-25,444,289,410,5,True,,3.3686088974637687,0.11419807936887949,6.623019715558658,2.213406240030493,-0.9696673329959968,7.706885127923535,0.12803120217613492,0.754247775638823,1.0,False,False
Wiccan,417,11,2.6378896882494005,2025-07-08,2026-09-23,442,272,386,4,True,,-0.1343525594623639,-4.604336871170943,4.335631752246215,2.1971936441160365,-4.440852101929796,4.172146983005067,0.9512418632026614,1.0,1.0,False,False
Windows user,1308,1000,76.45259938837921,2025-07-08,2026-09-25,444,416,1084,10,True,,-2.942872522779346,-9.658233350344068,3.772488304785376,3.4696262246606033,-9.743339923114128,3.8575948775554365,0.39633693909499523,0.8818966931623946,1.0,False,False
YouTube user,427,387,90.63231850117096,2025-07-08,2026-09-24,443,274,396,4,True,,-8.392974411568577,-16.672049334245898,-0.11389948889125634,3.972029583812365,-16.17815239584081,-0.6077964272963419,0.03459913236848324,0.4970977385186164,1.0,False,False
Zen Buddhist,1250,34,2.7199999999999998,2025-07-08,2026-09-25,444,413,1071,7,True,,1.1032746250574743,-1.4468039649860749,3.6533532151010233,1.3125225844430666,-1.4692696404509362,3.6758188905658846,0.4005856618203707,0.8818966931623946,1.0,False,False
Zoroastrian,410,0,0.0,2025-07-08,2026-09-24,443,279,370,4,True,,0.0,0.0,0.0,0.0,0.0,0.0,1.0,1.0,1.0,False,False
accelerationist,383,17,4.43864229765013,2025-07-09,2026-09-25,443,266,356,4,True,,-4.6024957773008985,-10.465662058686473,1.2606705040846764,4.062768562450766,-12.5655221597044,3.3605306051026025,0.25727844819885304,0.8620341775063027,1.0,False,False
accountant,405,27,6.666666666666667,2025-07-08,2026-09-25,444,266,377,3,True,,3.1692155957197654,-3.864245204170225,10.202676395609757,3.843531061577697,-4.364105284972521,10.702536476412051,0.40962238080944935,0.8824963090976354,1.0,False,False
active,1320,929,70.37878787878788,2025-07-08,2026-09-25,444,412,1095,10,True,,-5.129882331614218,-12.1396357576442,1.8798710944157646,3.512886917452566,-12.015140689821248,1.7553760265928107,0.14420658118143959,0.7646589913969507,1.0,False,False
activist,424,72,16.9811320754717,2025-07-10,2026-09-25,442,288,384,3,True,,1.8661193744291844,-8.537372117705097,12.269610866563465,5.832283155795405,-9.56515561092981,13.297394359788179,0.7489957864008301,0.9500775380651971,1.0,False,False
actor,431,9,2.088167053364269,2025-07-08,2026-09-25,444,266,399,5,True,,-0.5262365262491588,-4.398382544212049,3.3459094917137318,2.1206992646766154,-4.682807085015325,3.6303340325170073,0.8040238218271242,0.9610064016405695,1.0,False,False
addict,400,45,11.25,2025-07-08,2026-09-25,444,278,371,4,True,,-2.800972214975259,-11.577964126849928,5.97601969689941,4.673716851680107,-11.961457244268267,6.35951281431775,0.5489708926940778,0.9279874291602496,1.0,False,False
administrative assistant,426,37,8.685446009389672,2025-07-08,2026-09-25,444,279,391,4,True,,-0.8439037597425231,-8.246700457488275,6.55889293800323,3.976225354857374,-8.637305455262975,6.94949793577793,0.8319218247020231,0.9644771130083132,1.0,False,False
adoptive parent,450,13,2.888888888888889,2025-07-08,2026-09-25,444,288,413,4,True,,-0.8781509791817539,-5.300721946058412,3.544419987694904,2.5377853142400864,-5.852210195092323,4.095908236728815,0.729319835362588,0.9403317790264404,1.0,False,False
adventurous,1361,756,55.54739162380602,2025-07-08,2026-09-25,444,420,1140,11,True,,0.5592642054288992,-7.135889818428869,8.254418229286667,4.030765697155123,-7.341036560995141,8.45956497185294,0.8896485950132675,0.9769697915737859,1.0,False,False
agnostic,402,129,32.08955223880597,2025-07-10,2026-09-24,441,282,366,6,True,,-5.344945330905113,-18.933845485675107,8.243954823864879,7.123401718185588,-19.306812698548864,8.61692203673864,0.4530523169331071,0.9126511272866045,1.0,False,False
alcoholic,440,31,7.045454545454545,2025-07-08,2026-09-25,444,266,406,5,True,,-2.590335535923074,-9.676749454722216,4.4960783828760675,3.5978680374202847,-9.642156889266833,4.461485817420684,0.47154714877552006,0.9161039218216102,1.0,False,False
alumni,423,246,58.156028368794324,2025-07-09,2026-09-24,442,276,395,4,True,,0.15135200018303938,-13.642181954892326,13.944885955258403,7.231341312380418,-14.02207697208258,14.324780972448657,0.9833014923978239,1.0,1.0,False,False
amateur artist,424,111,26.179245283018872,2025-07-08,2026-09-24,443,279,388,6,True,,17.197347816776055,5.032374114686169,29.36232151886594,6.225263787907201,4.995830792477943,29.398864841074168,0.00573589641468426,0.3106208519952091,1.0,False,False
amateur chef,363,107,29.476584022038566,2025-07-08,2026-09-25,444,251,347,3,True,,6.951007523592111,-7.1311649329683515,21.033179980152575,6.925887018621496,-6.62373103290602,20.525746080090244,0.31555841360216674,0.8785240741984486,1.0,False,False
anti-Trump,1232,780,63.31168831168831,2025-07-08,2026-09-25,444,413,1042,8,True,,8.887771560607058,1.303335753567893,16.472207367646224,3.993822898388424,1.059878679765748,16.715664441448368,0.026055773286798808,0.4501567367699582,1.0,False,False
anxious,9081,4318,47.54982931395221,2025-07-08,2026-09-25,444,435,5032,50,True,,5.788438717518747,2.852156566378395,8.724720868659098,1.8737641987547615,2.1158608879594145,9.46101654707808,0.0020069399232297233,0.14128857059537253,1.0,False,False
apolitical,8595,1349,15.695171611401978,2025-07-08,2026-09-25,444,435,4821,42,True,,1.7642793150687242,-0.43975890939359585,3.968317539531044,1.425499629121244,-1.0296999580089143,4.558258588146362,0.21584334228117782,0.8450517511109363,1.0,False,False
app developer,1388,60,4.322766570605188,2025-07-08,2026-09-25,444,423,1142,14,True,,1.2155196084003224,-1.7570849614945996,4.1881241782952445,1.7382908029457893,-2.191530365373425,4.622569582174069,0.48438870389412897,0.9161039218216102,1.0,False,False
architect,445,16,3.5955056179775284,2025-07-08,2026-09-25,444,281,404,7,True,,3.3023439481246935,-1.6282774764122832,8.23296537266167,2.555342941522814,-1.7061282172600216,8.310816113509409,0.19624321143447251,0.8042175204896241,1.0,False,False
aromantic,435,52,11.954022988505747,2025-07-08,2026-09-25,444,268,400,5,True,,-2.745948093729239,-11.50976810673977,6.017871919281293,4.883807070405528,-12.318209951724072,6.826313764265595,0.5739418539563457,0.9279874291602496,1.0,False,False
artist,8602,2624,30.504533829342012,2025-07-08,2026-09-25,444,428,4842,41,True,,5.878145354342924,2.959334116826509,8.796956591859338,1.8598399644278758,2.2328590240642874,9.52343168462156,0.0015746339234316157,0.13671501369538483,1.0,False,False
artistic,1279,579,45.2697419859265,2025-07-08,2026-09-25,444,415,1078,8,True,,8.411187970477723,0.7193804612353505,16.102995479720096,4.160225533027625,0.2571459257435773,16.565230015211867,0.04319592502896707,0.545367194729236,1.0,False,False
asexual,418,27,6.4593301435406705,2025-07-08,2026-09-24,443,274,390,4,True,,-1.281365437078639,-7.9554456813824475,5.392714807225169,3.9483992251718587,-9.02022791841548,6.457497044258203,0.7455384552106012,0.9489640426650964,1.0,False,False
aspiring artist,418,78,18.660287081339714,2025-07-08,2026-09-24,443,270,385,4,True,,12.219265737425209,1.2710870494429365,23.16744442540748,5.248945153566949,1.9313332364339892,22.50719823841643,0.019914922032231958,0.4226495959539727,1.0,False,False
aspiring author,443,67,15.124153498871332,2025-07-10,2026-09-25,442,290,407,5,True,,-5.483781451262885,-14.918348220909778,3.950785318384007,4.719263105935824,-14.7335371388971,3.7659742363713296,0.24523566099146415,0.8530168463822171,1.0,False,False
assertive,1286,604,46.96734059097978,2025-07-08,2026-09-25,444,410,1052,9,True,,0.9642677099026775,-6.841898311344862,8.770433731150217,4.238889119596377,-7.34395496450622,9.272490384311574,0.8200495631297972,0.9644771130083132,1.0,False,False
assistant,1315,173,13.155893536121674,2025-07-08,2026-09-25,444,418,1110,9,True,,0.15112656604868843,-5.13511780314575,5.437370935243127,2.8798865175364887,-5.493451008322829,5.795704140420206,0.9581489641429412,1.0,1.0,False,False
astronomer,459,6,1.3071895424836601,2025-07-09,2026-09-24,442,287,426,4,True,,0.9679694580849354,-1.9983172724982299,3.9342561886681007,0.9589258815713387,-0.9115252697948886,2.8474641859647596,0.31276800425788037,0.8785240741984486,1.0,False,False
atheist,1305,317,24.291187739463602,2025-07-08,2026-09-25,444,421,1098,10,True,,0.30459712818852896,-6.422259169310577,7.031453425687635,3.678255928975667,-6.9047844926037785,7.513978748980837,0.9340024544400184,0.9887785382342451,1.0,False,False
athlete,1326,207,15.610859728506787,2025-07-08,2026-09-25,444,419,1127,12,True,,-1.0961702710810313,-6.731854878962477,4.539514336800415,2.8545554358487757,-6.691098925344631,4.498758383182569,0.7009729991648628,0.930379849579687,1.0,False,False
aunt,1331,483,36.28850488354621,2025-07-08,2026-09-25,444,421,1106,9,True,,4.677416091043521,-2.7239684353026954,12.078800617389739,3.9202931190556325,-3.006358422305518,12.361190604392561,0.23281878741843232,0.8530168463822171,1.0,False,False
author,408,62,15.196078431372548,2025-07-08,2026-09-22,441,259,384,3,True,,2.0176050971201795,-7.782785133064195,11.817995327304555,5.072523279506709,-7.924540530712969,11.959750724953329,0.6908131744132647,0.930379849579687,1.0,False,False
autistic,1265,120,9.486166007905137,2025-07-08,2026-09-25,444,413,1054,10,True,,2.9062400480098045,-1.796551881838968,7.609031977858577,2.5708410900440604,-2.1326084884765537,7.945088584496163,0.25828129260787647,0.8620341775063027,1.0,False,False
autodidact,316,36,11.39240506329114,2025-07-10,2026-09-24,441,229,296,4,True,,11.098349736685332,0.9353835207708627,21.2613159525998,5.567599398481758,0.18585491566108558,22.01084455770958,0.04621968619617607,0.545367194729236,1.0,False,False
banker,416,10,2.403846153846154,2025-07-08,2026-09-24,443,279,388,3,True,,-0.715362384323199,-4.9563408274428555,3.525616058796458,2.419124276044011,-5.45684596536946,4.026121196723063,0.7674505668547091,0.9512905030820662,1.0,False,False
bankrupt,428,20,4.672897196261682,2025-07-09,2026-09-24,442,285,392,4,True,,3.1087590845333315,-2.4885035742234,8.706021743290062,2.936973741813915,-2.6477094494219413,8.865227618488603,0.2898318361358847,0.8785240741984486,1.0,False,False
barber,1260,11,0.873015873015873,2025-07-08,2026-09-25,444,420,1048,9,True,,0.5665750088195779,-0.896494481211706,2.0296444988508617,0.6526974899733722,-0.7127120715282315,1.8458620891673871,0.38536616228025533,0.8785240741984486,1.0,False,False
bargain hunter,444,328,73.87387387387388,2025-07-09,2026-09-24,442,282,413,5,True,,-0.25358893080484385,-12.32361326890028,11.816435407290593,6.27407025171732,-12.550766624170791,12.043588762561104,0.9677594277675888,1.0,1.0,False,False
bartender,411,6,1.4598540145985401,2025-07-09,2026-09-24,442,268,383,4,True,,-1.3888638443826347,-4.747054988503683,1.969327299738414,1.784774299906715,-4.887021472199796,2.1092937834345267,0.4364668094617977,0.8984579937459227,1.0,False,False
basketball fan,1258,492,39.109697933227345,2025-07-08,2026-09-25,444,422,1076,8,True,,-2.825716393153277,-10.508483619700637,4.8570508333940845,4.057687349897022,-10.77878359895144,5.127350812644886,0.4861871698186935,0.9161039218216102,1.0,False,False
beach lover,429,267,62.23776223776224,2025-07-08,2026-09-22,441,277,393,4,True,,7.8022375753771005,-5.213487696955303,20.817962847709502,6.530185507277501,-4.996926018886802,20.601401169641,0.2321668601187539,0.8530168463822171,1.0,False,False
beautiful,458,192,41.92139737991266,2025-07-08,2026-09-25,444,282,421,4,True,,23.96617798523023,11.283830600543537,36.648525369916925,6.698190001453379,10.837725582381609,37.094630388078855,0.0003462227434195737,0.11652534524983381,0.2437408113673799,False,False
beer lover,8625,2625,30.434782608695656,2025-07-08,2026-09-25,444,424,4817,47,True,,-4.197942430924289,-7.112961545256853,-1.282923316591725,1.8940201251181903,-7.910221876155942,-0.48566298569263644,0.026662810997003746,0.4501567367699582,1.0,False,False
bi,431,49,11.36890951276102,2025-07-08,2026-09-25,444,265,403,4,True,,2.2125997684204797,-6.2773354424357475,10.702534979276708,4.411455728171926,-6.433853458796495,10.859052995637455,0.6159786519284682,0.9279874291602496,1.0,False,False
bisexual,428,48,11.214953271028037,2025-07-10,2026-09-25,442,272,397,4,True,,5.230890306669938,-3.2473989289936185,13.709179542333494,4.475229534784093,-3.5405595815068853,14.002340194846761,0.2424624267221216,0.8530168463822171,1.0,False,False
bitcoin trader,445,52,11.685393258426966,2025-07-10,2026-09-24,441,288,402,5,True,,-10.298567962849752,-18.52873443546511,-2.0684014902343932,4.244516770725264,-18.61782083347127,-1.9793150922282354,0.0152526954224878,0.4129960606704389,1.0,False,False
black belt,472,10,2.11864406779661,2025-07-10,2026-09-21,438,275,447,3,True,,2.826073698245991,-0.9265035530821937,6.578650949574175,1.9205721028946972,-0.9382476234276154,6.5903950199195975,0.14116272288141685,0.7644504377578265,1.0,False,False
blessed,1209,866,71.62944582299421,2025-07-08,2026-09-25,444,413,994,12,True,,5.871317331754803,-1.3358712275959714,13.078505891105577,3.751714810319293,-1.4820436964710115,13.224678359980617,0.11759018093161691,0.739138280141592,1.0,False,False
blind,424,2,0.4716981132075472,2025-07-08,2026-09-25,444,285,401,4,True,,0.29813563780313523,-1.579400326551741,2.1756716021580114,1.0269246037578068,-1.7146365855621661,2.3109078611684364,0.771572268835028,0.9512905030820662,1.0,False,False
blogger,476,38,7.9831932773109235,2025-07-10,2026-09-25,442,302,447,4,True,,0.7309324648622847,-6.3342624744736336,7.796127404198203,3.5736704576586695,-6.273461632148708,7.735326561873277,0.8379372417540651,0.9644771130083132,1.0,False,False
board game enthusiast,1245,443,35.58232931726907,2025-07-09,2026-09-25,443,415,1052,6,True,,5.95413975956157,-1.68109458591828,13.589374105041419,3.928605296806673,-1.7459266221795096,13.654206141302648,0.12962403244431434,0.754247775638823,1.0,False,False
bold,430,153,35.581395348837205,2025-07-08,2026-09-24,443,283,399,3,True,,9.777080777809845,-3.190059233836857,22.74422078945655,6.699461912329436,-3.3538645703558494,22.90802612597554,0.14445972422698075,0.7646589913969507,1.0,False,False
boy,1303,392,30.084420567920183,2025-07-08,2026-09-25,444,420,1104,6,True,,-4.7902834663336975,-11.969177686379986,2.38861075371259,3.758627578486956,-12.157193520168132,2.576626587500736,0.2024945067967425,0.8188799545111919,1.0,False,False
boyfriend,1308,134,10.244648318042813,2025-07-08,2026-09-25,444,416,1095,8,True,,-3.2577778166976343,-7.963530391256377,1.4479747578611089,2.297518789470129,-7.760914644059087,1.2453590106638184,0.15620395891162675,0.7688209418673357,1.0,False,False
brother,1368,542,39.61988304093567,2025-07-08,2026-09-25,444,411,1158,7,True,,-5.29583283394399,-12.64788810879982,2.0562224409118404,3.876360832923654,-12.893500066474353,2.3018343985863714,0.17188035314379946,0.7688209418673357,1.0,False,False
bus driver,448,2,0.4464285714285714,2025-07-08,2026-09-19,438,276,416,4,True,,-0.9061737911708138,-2.6770487737305144,0.864701191388887,0.8017814487238057,-2.477665430669473,0.6653178483278456,0.2583917507560632,0.8620341775063027,1.0,False,False
busy,1322,888,67.17095310136158,2025-07-08,2026-09-25,444,423,1121,10,True,,5.437934813623327,-1.7856153590556696,12.661484986302323,3.7748397965640326,-1.9607511876421766,12.836620814888832,0.14970516385295118,0.7661537147012603,1.0,False,False
caffeine addict,436,209,47.935779816513765,2025-07-08,2026-09-24,443,283,403,4,True,,-6.980619045280574,-20.135011039994442,6.173772949433295,6.781042359725976,-20.27146207034349,6.31022397978234,0.3032769229669845,0.8785240741984486,1.0,False,False
calm,9023,7715,85.50371273412391,2025-07-08,2026-09-25,444,435,5026,43,True,,-0.4891887684969125,-2.5695192080265263,1.591141671032701,1.300601649595676,-3.0383680017044377,2.059990464710612,0.7068239847390663,0.930379849579687,1.0,False,False
camper,432,101,23.37962962962963,2025-07-09,2026-09-25,443,281,394,5,True,,1.2500776132852953,-10.278004527557833,12.778159754128424,5.996555734444742,-10.503171626226399,13.00332685279699,0.8348651762620454,0.9644771130083132,1.0,False,False
cancer survivor,416,12,2.8846153846153846,2025-07-09,2026-09-20,438,274,384,4,True,,1.059487680582369,-3.714836564042572,5.83381192520731,2.739595432165857,-4.31011936646271,6.429094727627448,0.6989550396046648,0.930379849579687,1.0,False,False
careful,1239,1146,92.49394673123487,2025-07-08,2026-09-25,444,407,1038,8,True,,2.0930269246732105,-2.125445642569025,6.311499491915447,2.2234115191008668,-2.2648596527644886,6.450913502110909,0.3465212670857559,0.8785240741984486,1.0,False,False
caregiver,429,168,39.16083916083916,2025-07-08,2026-09-25,444,270,406,3,True,,0.9125841632715511,-12.461249893994028,14.286418220537131,7.1530316029786984,-13.107357778566698,14.932526105109801,0.8984813161611163,0.9780279672272129,1.0,False,False
careless,1296,113,8.719135802469136,2025-07-08,2026-09-25,444,419,1077,10,True,,-0.5474061997173469,-4.961500149817801,3.8666877503831065,2.385512270598828,-5.2230102500910505,4.128197850656356,0.8185027558256972,0.9644771130083132,1.0,False,False
carpenter,408,11,2.696078431372549,2025-07-08,2026-09-25,444,262,382,3,True,,0.4391461481935033,-3.9433162333265916,4.821608529713599,2.1149934739268073,-3.706241060703039,4.584533357090045,0.8355141664789332,0.9644771130083132,1.0,False,False
cashier,410,9,2.195121951219512,2025-07-08,2026-09-25,444,269,383,5,True,,1.8396952386615846,-2.184478090044773,5.863868567367942,2.332829721582266,-2.7326510156396573,6.412041492962826,0.43033938497990054,0.8930867010327175,1.0,False,False
cat person,430,233,54.18604651162791,2025-07-08,2026-09-24,443,270,404,3,True,,8.015869657184025,-5.975832301868715,22.007571616236767,7.240025637145845,-6.174580591621831,22.20631990598988,0.2682245866592342,0.8754528148461388,1.0,False,False
cautious,1293,1095,84.68677494199535,2025-07-08,2026-09-25,444,417,1055,9,True,,1.1558718227524396,-4.540618605728422,6.852362251233302,2.9331187124454967,-4.5930408536407334,6.904784499145613,0.6935248960342334,0.930379849579687,1.0,False,False
centrist,412,82,19.902912621359224,2025-07-08,2026-09-24,443,276,386,3,True,,-2.108279901265947,-12.945072832768119,8.728513030236225,5.66908131417607,-13.219679277051045,9.003119474519151,0.7099740611555244,0.930379849579687,1.0,False,False
charismatic,1325,616,46.490566037735846,2025-07-08,2026-09-25,444,420,1097,10,True,,-5.454681393649099,-13.112915666238608,2.2035528789404104,4.009847764583633,-13.313983012233018,2.4046202249348205,0.17372826535636263,0.7688209418673357,1.0,False,False
chef,423,53,12.529550827423167,2025-07-08,2026-09-23,442,273,391,5,True,,-5.3878908058319785,-14.448721677432403,3.6729400657684463,5.195457870275194,-15.57098823157136,4.795206619907403,0.2997178278948233,0.8785240741984486,1.0,False,False
childcare worker,410,12,2.9268292682926833,2025-07-08,2026-09-25,444,276,386,3,True,,6.561672406417294,1.7004753018143983,11.42286951102019,2.65748734516251,1.352997209898775,11.770347602935814,0.013544333179906446,0.4129960606704389,1.0,False,False
chiropractor,430,2,0.46511627906976744,2025-07-08,2026-09-25,444,272,397,3,True,,-0.05811890337892221,-1.903735235051924,1.7874974282940796,0.19965970504271977,-0.449451925262653,0.33321411850480853,0.7709826416228835,0.9512905030820662,1.0,False,False
churchgoer,9007,2032,22.560230931497724,2025-07-08,2026-09-25,444,435,4977,50,True,,-0.736020747897343,-3.209069827145884,1.737028331351198,1.6886454993875835,-4.0457659266970065,2.5737244309023204,0.6629349908548313,0.9279874291602496,1.0,False,False
climate activist,427,96,22.482435597189696,2025-07-08,2026-09-25,444,279,395,5,True,,-0.7814802618248422,-12.21199017103843,10.649029647388744,5.9168927404859035,-12.378590033177213,10.815629509527527,0.894924080400419,0.9769697915737859,1.0,False,False
coach,455,29,6.373626373626373,2025-07-08,2026-09-25,444,289,418,4,True,,7.125997199783067,0.7567682253545787,13.495226174211556,3.2326065054877673,0.7900884490270439,13.46190595053909,0.027495368865210514,0.4501567367699582,1.0,False,False
coder,435,47,10.804597701149426,2025-07-08,2026-09-25,444,273,408,5,True,,-4.703211521547006,-13.218538280718134,3.8121152376241216,4.317172508080046,-13.164869637383896,3.758446594289884,0.27596897629511563,0.8785240741984486,1.0,False,False
collector,457,155,33.91684901531728,2025-07-08,2026-09-24,443,278,430,3,True,,8.354063407439243,-3.8469408707484902,20.555067685626977,6.429717348800764,-4.248182596210254,20.95630941108874,0.19384464079742303,0.8027448654199165,1.0,False,False
comedian,414,54,13.043478260869565,2025-07-09,2026-09-24,442,280,378,4,True,,-0.25651070934384496,-9.681893286801268,9.168871868113579,5.024359665450789,-10.10425565362739,9.591234234939702,0.9592829585427093,1.0,1.0,False,False
comedy fan,451,350,77.60532150776052,2025-07-08,2026-09-23,442,274,418,4,True,,-7.661356205526778,-18.828357496235043,3.5056450851814853,5.579628711108233,-18.597428479298916,3.2747160682453584,0.16972304251815176,0.7688209418673357,1.0,False,False
commuter,462,159,34.41558441558442,2025-07-12,2026-09-25,440,289,427,3,True,,1.2501667265862846,-10.59275613189231,13.09308958506488,5.922309731162732,-10.35756034649267,12.85789379966524,0.8328135694446607,0.9644771130083132,1.0,False,False
compassionate,1335,1187,88.91385767790261,2025-07-08,2026-09-25,444,417,1104,9,True,,2.9221392298913367,-1.9845790536637047,7.828857513446378,2.5217017380178826,-2.020396176623713,7.864674636406386,0.2465391312765255,0.8530168463822171,1.0,False,False
composer,430,24,5.5813953488372094,2025-07-08,2026-09-25,444,280,403,5,True,,5.543458329964633,-0.6834612239579458,11.77037788388721,3.6768044142723557,-1.6630783220091843,12.74999498193845,0.13163548208164255,0.759601470372757,1.0,False,False
computer geek,409,129,31.54034229828851,2025-07-08,2026-09-24,443,266,377,4,True,,-6.742151173287819,-19.568014200356703,6.083711853781065,6.824404676334586,-20.117984338903607,6.633681992327968,0.32317853043932915,0.8785240741984486,1.0,False,False
computer nerd,433,141,32.5635103926097,2025-07-08,2026-09-25,444,280,390,4,True,,-1.903140746368899,-15.028992772814961,11.222711280077162,7.031326882673958,-15.684541436409857,11.878259943672058,0.7866479701361422,0.9529612286836466,1.0,False,False
confident,8988,6194,68.91410769915443,2025-07-08,2026-09-25,444,435,5003,50,True,,-1.2310150024925923,-3.969106811147964,1.5070768061627795,1.7563395654921425,-4.673440550857191,2.211410545872007,0.4833666322724203,0.9161039218216102,1.0,False,False
conservative,1258,398,31.63751987281399,2025-07-08,2026-09-25,444,420,1041,10,True,,-2.0797224727084265,-9.261854968131116,5.102410022714263,3.751334649278968,-9.432338385295203,5.2728934398783505,0.5793083101347909,0.9279874291602496,1.0,False,False
consistent,432,375,86.80555555555556,2025-07-08,2026-09-25,444,276,397,5,True,,0.8872786915004881,-8.22235541580649,9.996912798807465,4.666483188227028,-8.259028357424487,10.033585740425462,0.8492005046784502,0.9674256130239298,1.0,False,False
construction worker,456,15,3.289473684210526,2025-07-08,2026-09-24,443,295,430,4,True,,-4.906646780885471,-9.64428394365342,-0.16900961811752158,2.282923013301851,-9.381175886957099,-0.4321176748138438,0.031612002489857356,0.47677064630579646,1.0,False,False
consultant,420,53,12.619047619047619,2025-07-08,2026-09-25,444,272,392,3,True,,2.8736312238246335,-6.272632139781692,12.019894587430958,5.005236371249585,-6.936632063824552,12.683894511473818,0.565883231563493,0.9279874291602496,1.0,False,False
contemplative,447,346,77.40492170022371,2025-07-10,2026-09-25,442,287,414,3,True,,-5.611436050441392,-16.646055224291292,5.423183123408509,5.964381307160297,-17.301623412475575,6.07875131159279,0.3467948043241185,0.8785240741984486,1.0,False,False
content,1239,876,70.70217917675545,2025-07-08,2026-09-25,444,415,1051,6,True,,-6.083124607299356,-13.302189730172678,1.1359405155739655,3.7926605638159776,-13.516739312378672,1.3504900977799599,0.10873166005011509,0.7022668685805598,1.0,False,False
content creator,431,70,16.241299303944317,2025-07-09,2026-09-25,443,265,402,3,True,,2.2231213374205323,-7.652140477409675,12.09838315225074,4.947783147389222,-7.474533631462342,11.920776306303406,0.6532032501502207,0.9279874291602496,1.0,False,False
control freak,1247,244,19.566960705693663,2025-07-08,2026-09-25,444,412,1036,10,True,,-2.385518067305731,-8.767625492873016,3.996589358261554,3.5252456123384466,-9.294999467489086,4.523963332877624,0.4985991317021902,0.9178596839685437,1.0,False,False
cook,378,216,57.14285714285714,2025-07-10,2026-09-23,440,260,351,4,True,,3.2980491035768713,-11.383554148436428,17.97965235559017,7.420758566574107,-11.246637686908379,17.84273589406212,0.6567276975310788,0.9279874291602496,1.0,False,False
cool,1214,739,60.873146622734765,2025-07-09,2026-09-25,443,420,1024,7,True,,4.647864980153198,-3.2099958175897205,12.505725777896117,4.122782812451201,-3.432789332251156,12.728519292557552,0.25958983754451165,0.8620341775063027,1.0,False,False
creative,1340,977,72.91044776119404,2025-07-08,2026-09-25,444,416,1108,10,True,,-1.7579387750720057,-8.470402295205561,4.95452474506155,3.7473552416961766,-9.102755048796512,5.5868774986525,0.6389877771683092,0.9279874291602496,1.0,False,False
creator,1280,467,36.484375,2025-07-08,2026-09-25,444,417,1059,8,True,,9.489829379124103,1.8670861178468696,17.112572640401336,4.120052244618943,1.414526979670974,17.565131778577232,0.02126042700967577,0.4226495959539727,1.0,False,False
critical,460,189,41.08695652173913,2025-07-10,2026-09-24,441,281,420,5,True,,9.184564835688375,-3.330518952059469,21.699648623436218,6.60967779538302,-3.7704036432623447,22.139533314639095,0.16466156586797398,0.7688209418673357,1.0,False,False
curious,9112,8013,87.93898156277436,2025-07-08,2026-09-25,444,435,5044,50,True,,1.1241264237123365,-0.7916535198833592,3.039906367308032,1.1589429765877104,-1.147401810399576,3.395654657824249,0.33206725045835406,0.8785240741984486,1.0,False,False
customer service representative,417,52,12.470023980815348,2025-07-08,2026-09-25,444,266,383,4,True,,2.9997712571873096,-6.396773525598621,12.39631603997324,4.9371266440475585,-6.6769969651459045,12.676539479520525,0.5434564142551526,0.9279874291602496,1.0,False,False
dad,1289,234,18.153607447633824,2025-07-08,2026-09-25,444,411,1067,7,True,,-3.1403184892048777,-9.078625479981763,2.7979885015720076,3.149253016767074,-9.312854402068343,3.032217423658587,0.3186854121794738,0.8785240741984486,1.0,False,False
data analyst,426,79,18.544600938967136,2025-07-08,2026-09-25,444,262,396,4,True,,-2.3638271151823003,-12.799566516591831,8.071912286227231,5.130130126512667,-12.418882163147128,7.691227932782528,0.6449612417294092,0.9279874291602496,1.0,False,False
data nerd,439,135,30.751708428246015,2025-07-09,2026-09-23,441,284,407,5,True,,-9.699162695874577,-21.737835242666957,2.3395098509178034,6.192332758741686,-21.83613490300828,2.437809511259127,0.11727417269990993,0.739138280141592,1.0,False,False
daughter,1294,649,50.15455950540958,2025-07-08,2026-09-25,444,421,1063,9,True,,10.614336165034578,2.8904888058663643,18.33818352420279,4.111569553983357,2.5556598392271983,18.673012490841955,0.00983498568099876,0.36441210102226984,1.0,False,False
deaf,429,7,1.6317016317016315,2025-07-09,2026-09-25,443,266,379,8,True,,2.8978599504005387,-0.5005769913529905,6.296296892154068,1.6830381997019843,-0.40089492101535074,6.1966148218164285,0.08510524014731112,0.6492986041868787,1.0,False,False
decisive,1249,842,67.41393114491594,2025-07-08,2026-09-25,444,416,1038,13,True,,-3.8588950689929082,-11.314419995445503,3.596629857459687,3.835541076709875,-11.376555579344263,3.658765441358447,0.31437283702827234,0.8785240741984486,1.0,False,False
delivery driver,454,16,3.524229074889868,2025-07-08,2026-09-25,444,279,422,4,True,,0.380694239891991,-4.516850620476462,5.278239100260444,2.0214484291963717,-3.5813446813328973,4.34273316111688,0.8506199637241655,0.9674256130239298,1.0,False,False
dentist,425,1,0.2352941176470588,2025-07-10,2026-09-25,442,281,385,5,True,,0.755431218343022,-0.5356158921168567,2.0464783288029005,0.7554952771441312,-0.7253395248594753,2.236201961545519,0.31735154322640713,0.8785240741984486,1.0,False,False
designer,466,62,13.304721030042918,2025-07-08,2026-09-25,444,283,421,5,True,,-3.245875016581554,-11.882116464073263,5.390366430910156,4.549714292486021,-12.163315029854155,5.671564996691048,0.47558347427748027,0.9161039218216102,1.0,False,False
determined,412,362,87.86407766990291,2025-07-09,2026-09-25,443,273,380,4,True,,-0.02023095079163748,-9.064486767219593,9.024024865636319,4.61535091808302,-9.066318750234355,9.025856848651081,0.9965025602860811,1.0,1.0,False,False
developer,473,44,9.30232558139535,2025-07-08,2026-09-25,444,288,430,6,True,,1.3661028584845132,-6.056462759936518,8.788668476905544,3.878431080068124,-6.235622058449009,8.967827775418035,0.7246651846764381,0.936081266077454,1.0,False,False
diplomatic,413,222,53.753026634382564,2025-07-08,2026-09-25,444,270,381,4,True,,3.1583222877438444,-10.832616719875277,17.149261295362965,7.088522946765723,-10.735182687916971,17.05182726340466,0.655919186467368,0.9279874291602496,1.0,False,False
director,452,22,4.867256637168142,2025-07-08,2026-09-24,443,282,429,3,True,,-3.4197964700368373,-9.1937934603689,2.3542005202952256,3.405148335293985,-10.093887207213047,3.254294267139373,0.3152331850398181,0.8785240741984486,1.0,False,False
disabled,435,53,12.183908045977011,2025-07-08,2026-09-24,443,270,408,5,True,,-9.194942433989866,-18.090590549050702,-0.2992943189290287,4.942740744114126,-18.88271429245355,0.49282942447382005,0.06284418560585182,0.6019753251802631,1.0,False,False
divorced,1290,206,15.968992248062017,2025-07-08,2026-09-25,444,413,1079,10,True,,-2.8464685690016265,-8.517321350508341,2.824384212505089,3.368156645600582,-9.448055594378767,3.7551184563755133,0.39804847970156987,0.8818966931623946,1.0,False,False
doctor,446,8,1.7937219730941705,2025-07-08,2026-09-25,444,276,413,6,True,,-3.638288414649383,-7.1066157934917715,-0.16996103580699495,1.6949542447546884,-6.960398734368573,-0.3161780949301938,0.03182985848916539,0.47677064630579646,1.0,False,False
dog person,419,276,65.8711217183771,2025-07-08,2026-09-24,443,281,383,4,True,,2.9563251485041393,-9.752680684847224,15.665330981855504,6.713757492494778,-10.202639536785625,16.115289833793902,0.6596920417144293,0.9279874291602496,1.0,False,False
dreamer,9003,6207,68.94368543818727,2025-07-08,2026-09-25,444,435,5013,50,True,,5.9632864348519705,3.2301835011311413,8.696389368572799,1.7514246684401682,2.530494084709241,9.3960787849947,0.0006620758252831467,0.11652534524983381,0.46610138099933524,False,False
driver,442,326,73.7556561085973,2025-07-10,2026-09-24,441,274,397,4,True,,-2.191518018596053,-13.900616082897484,9.517580045705378,6.1172033773605925,-14.181236638222813,9.798200601030707,0.7201525737426446,0.9346902893008421,1.0,False,False
drone operator,1290,26,2.0155038759689923,2025-07-08,2026-09-25,444,413,1063,10,True,,-1.114625688776119,-3.281775494113003,1.052524116560765,1.2169997911722403,-3.49994527947371,1.2706939019214718,0.35972987223258757,0.8785240741984486,1.0,False,False
drummer,413,21,5.084745762711865,2025-07-12,2026-09-25,440,278,380,5,True,,-0.6129514003392535,-6.748211729107592,5.522308928429085,3.516603487129053,-7.505494235112197,6.279591434433691,0.8616280427639336,0.9674420129279254,1.0,False,False
dungeon master,423,12,2.8368794326241136,2025-07-08,2026-09-25,444,281,393,4,True,,-1.3443206407273984,-5.802313060212606,3.11367177875781,1.9839451073959888,-5.232853051223536,2.5442117697687396,0.49802552642043685,0.9178596839685437,1.0,False,False
eSports competitor,438,16,3.65296803652968,2025-07-08,2026-09-25,444,280,413,3,True,,-2.167230415477125,-7.10781693038958,2.7733560994353295,2.3761582828372494,-6.824500649838134,2.4900398188838833,0.3617301571120475,0.8785240741984486,1.0,False,False
eSports fan,471,69,14.64968152866242,2025-07-08,2026-09-25,444,289,429,5,True,,-2.324395560256967,-11.316491151660436,6.667700031146502,4.922210777666234,-11.971928684482785,7.323137563968851,0.6367655336085598,0.9279874291602496,1.0,False,False
early adopter,1246,358,28.731942215088285,2025-07-08,2026-09-25,444,411,1023,9,True,,-5.494984301209103,-12.71272141569861,1.7227528132804046,3.8979459877339986,-13.13495843716774,2.144989834749534,0.15862450753120041,0.7688209418673357,1.0,False,False
early riser,402,255,63.43283582089553,2025-07-08,2026-09-25,444,270,371,4,True,,3.609731358802184,-9.663007543325541,16.88247026092991,7.055613272334115,-10.219270654972682,17.43873337257705,0.608923087253197,0.9279874291602496,1.0,False,False
economist,437,41,9.382151029748284,2025-07-08,2026-09-25,444,279,411,3,True,,-2.2026591075999424,-9.920446713239711,5.515128498039825,4.266045737976409,-10.564108754033704,6.15879053883382,0.6056285772581703,0.9279874291602496,1.0,False,False
editor,404,52,12.871287128712872,2025-07-10,2026-09-24,441,272,371,5,True,,0.4484646076930873,-8.895897465962824,9.792826681348997,4.402750387721827,-8.180926152241694,9.077855367627867,0.9188677184360869,0.98532845281587,1.0,False,False
educator,1249,237,18.975180144115292,2025-07-08,2026-09-25,444,412,1053,8,True,,3.1533676004409648,-3.0387771094584473,9.345512310340377,3.2132809489541057,-3.1446630595090825,9.451398260391013,0.3264179737029419,0.8785240741984486,1.0,False,False
efficient,434,353,81.33640552995391,2025-07-10,2026-09-23,440,276,402,5,True,,6.157463094325459,-4.355611909183052,16.67053809783397,5.516422066250462,-4.654724155525447,16.969650344176365,0.2643339912045919,0.8695847187291247,1.0,False,False
electric car driver,401,27,6.733167082294264,2025-07-09,2026-09-24,442,262,380,4,True,,-4.7488720955932395,-11.626819290591692,2.1290750994052132,3.9187671886124065,-12.429655785273557,2.931911594087077,0.22557819930547202,0.8530168463822171,1.0,False,False
empathetic,1302,1146,88.0184331797235,2025-07-08,2026-09-25,444,408,1090,8,True,,3.867494357099039,-1.0643177997277657,8.799306513925844,2.783609500445344,-1.5883802637738356,9.323368977971914,0.1647169022960145,0.7688209418673357,1.0,False,False
employed,1286,966,75.11664074650078,2025-07-08,2026-09-25,444,420,1071,8,True,,-7.83465589042344,-14.608035569312111,-1.0612762115347678,3.6234845489749867,-14.936685606414414,-0.7326261744324656,0.03060366515058677,0.47677064630579646,1.0,False,False
energetic,9031,4767,52.78485217583878,2025-07-08,2026-09-25,444,435,5022,47,True,,1.9772576598188647,-0.9681222252048998,4.92263754484263,1.8418837362479876,-1.6328344632271912,5.587349782864921,0.28304794181912957,0.8785240741984486,1.0,False,False
engaged,476,130,27.310924369747898,2025-07-08,2026-09-25,444,279,440,3,True,,-7.782103340716105,-19.511785556696516,3.9475788752643073,6.040406895610991,-19.62130085611365,4.057094174681437,0.19762731682486503,0.8042175204896241,1.0,False,False
engineer,433,35,8.083140877598153,2025-07-09,2026-09-25,443,267,400,3,True,,2.2570623528286737,-4.807665904205182,9.32179060986253,3.766928697210629,-5.1261178937041585,9.640242599361507,0.5490539174568639,0.9279874291602496,1.0,False,False
entrepreneur,444,120,27.027027027027028,2025-07-08,2026-09-25,444,288,404,5,True,,3.0651578476643797,-8.821947494640572,14.952263189969333,6.081626299069173,-8.8548296985112,14.985145393839957,0.6142592748324048,0.9279874291602496,1.0,False,False
environmentalist,430,206,47.906976744186046,2025-07-08,2026-09-25,444,267,397,4,True,,-3.9869187244457196,-17.443008682571588,9.46917123368015,6.987375545713396,-17.682174794043977,9.708337345152536,0.568278364137363,0.9279874291602496,1.0,False,False
event planner,424,46,10.849056603773585,2025-07-09,2026-09-25,443,278,391,3,True,,3.9103346793822857,-4.4780603868412605,12.298729745605833,4.080363215537701,-4.087177223071608,11.907846581836179,0.3378963561511815,0.8785240741984486,1.0,False,False
exhausted,431,177,41.067285382830626,2025-07-08,2026-09-25,444,285,400,5,True,,16.148230293882982,3.490335307856041,28.80612527990992,6.397009258294172,3.6100921476264034,28.68636844013956,0.01159155546186242,0.4080227522575572,1.0,False,False
existentialist,441,92,20.861678004535147,2025-07-09,2026-09-25,443,288,406,4,True,,-0.36509271672674704,-11.172215781996506,10.44203034854301,5.244299852808789,-10.643920428231972,9.91373499477848,0.9444984611234825,0.9953995757948078,1.0,False,False
extravagant,1305,134,10.268199233716475,2025-07-08,2026-09-24,443,422,1076,9,True,,4.152854594280502,-0.5503675814328437,8.856076769993848,2.4090060397628945,-0.568797243654771,8.874506432215775,0.08472821467376494,0.6492986041868787,1.0,False,False
extroverted,1293,364,28.151585460170146,2025-07-08,2026-09-25,444,419,1067,9,True,,1.3753597584779986,-5.57216792143862,8.322887438394618,3.708215146817916,-5.892741929285117,8.643461446241114,0.7107154779543737,0.930379849579687,1.0,False,False
factory worker,1334,47,3.523238380809595,2025-07-08,2026-09-25,444,421,1121,9,True,,2.1289343258112523,-0.7147540379322779,4.9726226895547825,1.4586548011781377,-0.7300290844978976,4.987897736120402,0.1444223284432372,0.7646589913969507,1.0,False,False
failure,1307,188,14.384085692425403,2025-07-08,2026-09-25,444,416,1077,10,True,,-0.44112773951241224,-5.954253901815538,5.071998422790714,3.0775280116444894,-6.473082642335611,5.590827163310787,0.886022981862316,0.9769697915737859,1.0,False,False
family-oriented,1283,1001,78.02026500389712,2025-07-08,2026-09-25,444,417,1075,8,True,,0.46582452225939,-5.985594375994153,6.917243420512933,3.3425533680623785,-6.085580079142872,7.017229123661652,0.889164193499891,0.9769697915737859,1.0,False,False
fan,419,231,55.131264916467785,2025-07-08,2026-09-24,443,269,392,3,True,,-4.215055220178261,-17.764080720614157,9.333970280257635,7.151089402034094,-18.231190448165087,9.801080007808563,0.5555739264953587,0.9279874291602496,1.0,False,False
far-left,433,106,24.480369515011546,2025-07-08,2026-09-25,444,283,394,5,True,,1.4509165860925914,-10.416722712907001,13.318555885092183,6.478489962738418,-11.246923740874708,14.14875691305989,0.8227891517938671,0.9644771130083132,1.0,False,False
far-right,435,40,9.195402298850574,2025-07-08,2026-09-25,444,277,391,4,True,,-5.495600686601611,-13.267697091976382,2.2764957187731607,4.025573486192382,-13.385724719538679,2.3945233463354576,0.17219895916308958,0.7688209418673357,1.0,False,False
farmer,443,14,3.160270880361174,2025-07-09,2026-09-25,443,271,415,4,True,,2.209649605043616,-2.450803523721821,6.870102733809053,2.3810961794308803,-2.4572989066409097,6.876598116728141,0.35340923606528296,0.8785240741984486,1.0,False,False
father,1346,239,17.75631500742942,2025-07-09,2026-09-25,443,420,1135,8,True,,-0.09366082330304816,-6.0171760594970545,5.829854412890959,3.1849224268131757,-6.336108779856872,6.148787133250776,0.9765395369096216,1.0,1.0,False,False
feminist,416,182,43.75,2025-07-11,2026-09-24,440,282,392,4,True,,3.144079044202493,-10.55072697817186,16.838885066576843,7.128658636387583,-10.828091883117171,17.116249971522155,0.6591784091976901,0.9279874291602496,1.0,False,False
film lover,413,296,71.67070217917676,2025-07-08,2026-09-25,444,280,379,3,True,,1.8002981105382467,-11.157683547520426,14.75827976859692,6.784903094495608,-11.498111954673144,15.098708175749637,0.7907484698507544,0.9532310321488546,1.0,False,False
financial advisor,442,23,5.203619909502263,2025-07-08,2026-09-25,444,278,405,4,True,,0.6303664153201318,-5.167037910770291,6.427770741410554,3.3445774023059016,-5.925005293199435,7.185738123839698,0.850504970112702,0.9674256130239298,1.0,False,False
finsta user,412,21,5.097087378640777,2025-07-11,2026-09-25,441,272,384,4,True,,0.8976307385235625,-5.109633031786965,6.90489450883409,3.0125028290459084,-5.006874806406418,6.802136283453543,0.7657272589218582,0.9512905030820662,1.0,False,False
firefighter,452,6,1.3274336283185841,2025-07-08,2026-09-22,441,287,408,4,True,,1.379157563574115,-1.701300363248839,4.459615490397069,1.9933056451662112,-2.5277215009516594,5.286036628099889,0.4890034743142221,0.9161039218216102,1.0,False,False
fiscal conservative,452,141,31.194690265486724,2025-07-08,2026-09-24,443,282,410,4,True,,-5.166779599325671,-17.33792054207533,7.00436134342399,6.341507962345267,-17.596135205522394,7.262576006871051,0.41521217760255336,0.8831098883147963,1.0,False,False
fit,1316,603,45.82066869300912,2025-07-08,2026-09-25,444,417,1090,7,True,,2.6829542227947556,-5.010247443409081,10.376155888998593,4.131756763454151,-5.41528903357538,10.781197479164891,0.5161124920989346,0.9191823578671998,1.0,False,False
fitness trainer,426,12,2.8169014084507045,2025-07-09,2026-09-21,439,278,393,4,True,,0.9247216632142998,-3.6421935942187944,5.4916369206473945,2.3790409258531953,-3.738198551457963,5.587641877886563,0.6975016725064436,0.930379849579687,1.0,False,False
flight attendant,434,2,0.4608294930875576,2025-07-08,2026-09-25,444,276,406,5,True,,1.0716375712720225,-0.790597644349609,2.9338727868936543,1.165765773390956,-1.2132633445742513,3.3565384871182964,0.357961511586945,0.8785240741984486,1.0,False,False
food lover,449,384,85.52338530066815,2025-07-08,2026-09-25,444,272,421,4,True,,3.331343958663883,-6.354481256154928,13.017169173482694,5.056272566652031,-6.578950271974097,13.241638189301863,0.5099897109945655,0.9191823578671998,1.0,False,False
foodie,415,223,53.73493975903615,2025-07-08,2026-09-25,444,273,387,5,True,,-1.3020347508064354,-15.14482906961006,12.54075956799719,7.243174787629851,-15.498657334560942,12.894587832948073,0.857340808426083,0.9674420129279254,1.0,False,False
forgiving,429,332,77.3892773892774,2025-07-09,2026-09-24,442,279,406,3,True,,3.565439803616155,-7.319694732525093,14.450574339757402,5.4958198482201865,-7.206367098895411,14.33724670612772,0.5164968424073606,0.9191823578671998,1.0,False,False
former smoker,419,110,26.25298329355609,2025-07-09,2026-09-25,443,271,386,6,True,,-6.493500578979345,-18.737728935965237,5.750727778006544,6.322182324827268,-18.88497793564079,5.8979767776821,0.304374338401009,0.8785240741984486,1.0,False,False
foster parent,387,4,1.03359173126615,2025-07-09,2026-09-25,443,254,357,4,True,,-3.9344954187858203,-6.761661765758382,-1.1073290718132585,2.002668836483368,-7.859726338293221,-0.009264499278419436,0.04945753157319825,0.5603036812695913,1.0,False,False
founder,434,44,10.138248847926267,2025-07-08,2026-09-25,444,281,403,4,True,,-1.3699112926932724,-9.794983913386075,7.05516132799953,4.568998697096103,-10.325148739001634,7.585326153615089,0.7643087652297459,0.9512905030820662,1.0,False,False
freedom lover,424,380,89.62264150943396,2025-07-08,2026-09-25,444,276,396,3,True,,1.7787577425367511,-6.637701073749396,10.195216558822898,4.231302961578628,-6.514596062157359,10.072111547230861,0.6742074267980702,0.9279874291602496,1.0,False,False
freelancer,419,175,41.766109785202865,2025-07-09,2026-09-25,443,271,380,5,True,,5.139358001490373,-8.84011745750366,19.118833460484403,7.261654933526454,-9.09348566822148,19.372201671202223,0.47910721669530554,0.9161039218216102,1.0,False,False
frequent flyer,444,61,13.73873873873874,2025-07-08,2026-09-24,443,284,412,5,True,,-2.466961825834953,-11.475657620600046,6.541733968930141,4.955755441418128,-12.180242491014482,7.246318839344577,0.6186268981917507,0.9279874291602496,1.0,False,False
freshman,1267,22,1.7363851617995265,2025-07-08,2026-09-25,444,415,1044,11,True,,0.5733545795916163,-1.4784246040864808,2.625133763269713,1.3616393408437342,-2.095458528462103,3.242167687645335,0.673699086097346,0.9279874291602496,1.0,False,False
friend,9071,8326,91.78701355969572,2025-07-08,2026-09-25,444,435,5025,50,True,,-0.2152551546924435,-1.8326644309069575,1.4021541215220705,0.9750980775599362,-2.126447386709918,1.6959370773250313,0.8252852972852216,0.9644771130083132,1.0,False,False
friendly,1265,1157,91.46245059288538,2025-07-08,2026-09-25,444,416,1057,9,True,,6.13115195508258,1.747537812235577,10.514766097929584,2.3355269113712365,1.553519208794957,10.708784701370202,0.008660606614131188,0.3586510033146092,1.0,False,False
frugal,1271,877,69.00078678206137,2025-07-08,2026-09-25,444,416,1046,12,True,,-2.1372283809244417,-9.480109690426834,5.205652928577951,3.994154832685097,-9.965771852987231,5.691315091138348,0.5925883046049761,0.9279874291602496,1.0,False,False
fun,1262,935,74.08874801901743,2025-07-08,2026-09-25,444,426,1058,8,True,,-2.1599099439905887,-9.06662183093269,4.746801942951513,3.4914210495714957,-9.003095201150721,4.683275313169543,0.5361578427150218,0.9279874291602496,1.0,False,False
funeral director,18,0,0.0,2025-07-09,2025-07-20,11,10,18,1,False,fewer than 300 observations; span shorter than 180 days; fewer than 30 dates,,,,,,,,,,False,False
funny,1297,974,75.09637625289129,2025-07-08,2026-09-25,444,414,1101,9,True,,6.784271524952268,0.02630162413369863,13.542241425770836,3.6319654343205094,-0.3343807263159304,13.902923776220465,0.061771278564054906,0.6019753251802631,1.0,False,False
futures trader,407,27,6.6339066339066335,2025-07-08,2026-09-24,443,277,377,4,True,,-0.7566620695089529,-7.619573448024529,6.106249309006624,3.3634666245342033,-7.349056653595991,5.835732514578085,0.8220065485094363,0.9644771130083132,1.0,False,False
gambler,415,70,16.867469879518072,2025-07-12,2026-09-24,439,273,375,5,True,,-2.710766585944447,-13.36364969603244,7.942116524143544,5.318579525378803,-13.135182455686902,7.713649283798007,0.6102765926037577,0.9279874291602496,1.0,False,False
game designer,404,8,1.9801980198019802,2025-07-09,2026-09-25,443,273,371,3,True,,-0.01761841575889349,-3.994148909209219,3.9589120776914317,1.738766004270921,-3.425599784129899,3.3903629526121115,0.9919154036034499,1.0,1.0,False,False
game nerd,416,155,37.25961538461539,2025-07-08,2026-09-25,444,278,387,4,True,,6.255730300468108,-6.993322569081605,19.50478317001782,6.9668358921511855,-7.3992680481482145,19.91072864908443,0.36922291952134867,0.8785240741984486,1.0,False,False
gamer,8591,4224,49.167733674775924,2025-07-09,2026-09-25,443,425,4832,41,True,,0.3881070418125863,-2.787080935136263,3.563295018761436,2.0924500798800834,-3.713095114752377,4.4893091983775495,0.8528527902944045,0.9674420129279254,1.0,False,False
gardener,478,126,26.359832635983267,2025-07-08,2026-09-25,444,298,446,3,True,,10.86586855078942,-0.2889393763746604,22.0206764779535,5.8844619799351285,-0.6676769298834309,22.39941403146227,0.06481447478513726,0.6019753251802631,1.0,False,False
gay,1334,96,7.19640179910045,2025-07-08,2026-09-25,444,422,1101,7,True,,4.072300523295082,0.12297307303178995,8.021627973558374,2.2010421840296335,-0.24174215740299942,8.386343203993164,0.0642891623008394,0.6019753251802631,1.0,False,False
geek,1310,479,36.56488549618321,2025-07-08,2026-09-25,444,416,1090,11,True,,3.611203455536453,-3.6813838684040463,10.903790779476953,3.803222446351225,-3.843112539311948,11.065519450384855,0.34236052515193405,0.8785240741984486,1.0,False,False
generous,384,298,77.60416666666666,2025-07-10,2026-09-25,442,261,362,3,True,,3.6746777902608887,-8.814607638592324,16.163963219114102,6.160060353978506,-8.399040503536982,15.74839608405876,0.5508193770094554,0.9279874291602496,1.0,False,False
gig worker,1261,602,47.73988897700238,2025-07-08,2026-09-25,444,410,1068,8,True,,5.574335058854687,-2.343236983477871,13.491907101187245,4.268592974044545,-2.7921071702726215,13.940777287981994,0.19158820047977695,0.7980952256672366,1.0,False,False
girl,1324,644,48.6404833836858,2025-07-08,2026-09-25,444,422,1090,9,True,,7.027864415032646,-0.5607807078954687,14.61650953796076,3.997272882289747,-0.8067904342552588,14.86251926432055,0.07871947528298445,0.6369943747036902,1.0,False,False
girlfriend,1270,191,15.039370078740157,2025-07-08,2026-09-25,444,411,1057,8,True,,6.586542446783215,0.9794279512446016,12.19365694232183,3.1632196680519,0.3866318974014922,12.78645299616494,0.0373217099495123,0.5151859569501306,1.0,False,False
globalist,384,102,26.5625,2025-07-09,2026-09-25,443,264,362,3,True,,-0.008155976946527485,-12.368715352850847,12.352403398957792,6.382936732395575,-12.518711972441855,12.5024000185488,0.9989804808372852,1.0,1.0,False,False
gluten-free,401,29,7.231920199501247,2025-07-08,2026-09-25,444,263,359,4,True,,-1.1477436935061238,-8.097756442954374,5.8022690559421255,3.7423170532029704,-8.482685117783944,6.187197730771698,0.7590768042134162,0.9512905030820662,1.0,False,False
golf enthusiast,1258,123,9.777424483306836,2025-07-08,2026-09-25,444,419,1044,7,True,,2.8966163158575564,-1.8256945759260108,7.618927207641123,2.3959785431374567,-1.7995016286918584,7.592734260406971,0.22668236690323756,0.8530168463822171,1.0,False,False
goth,436,19,4.3577981651376145,2025-07-08,2026-09-25,444,289,402,4,True,,0.4432014858520874,-5.1351740095578515,6.021576981262027,2.811602120132873,-5.067538669608344,5.953941641312519,0.8747459398832592,0.973813927178263,1.0,False,False
grandfather,428,15,3.5046728971962615,2025-07-08,2026-09-25,444,276,396,3,True,,0.493288715766616,-4.620110604143622,5.6066880356768545,2.3705902117954034,-4.1530680993523745,5.139645530885607,0.8351611328890218,0.9644771130083132,1.0,False,False
grandmother,446,44,9.865470852017937,2025-07-09,2026-09-25,443,281,418,3,True,,-5.902605240354419,-13.819266104745772,2.0140556240369323,3.98879576562029,-13.720644940970187,1.9154344602613484,0.1389276147355874,0.7644504377578265,1.0,False,False
grandparent,389,47,12.082262210796916,2025-07-08,2026-09-25,444,270,358,4,True,,4.2209764103754415,-4.918546417515819,13.360499238266701,4.887699663164315,-5.358914929426615,13.800867750177499,0.3878122759573055,0.8785240741984486,1.0,False,False
graphic designer,452,30,6.637168141592921,2025-07-08,2026-09-24,443,286,419,5,True,,0.7644354778151818,-5.7350654763332125,7.263936431963576,2.7821954671413147,-4.688667637781795,6.217538593412159,0.7835007826082657,0.9529612286836466,1.0,False,False
grateful,407,366,89.92628992628993,2025-07-08,2026-09-25,444,269,383,3,True,,9.942497670278607,1.782527892414354,18.10246744814286,4.212680031490384,1.6856448085574538,18.199350531999762,0.018268237933417315,0.4226495959539727,1.0,False,False
guitar player,447,57,12.751677852348994,2025-07-10,2026-09-25,442,283,419,3,True,,-4.8955811470143225,-13.774580861327193,3.983418567298548,4.993899460050514,-14.68362408871333,4.892461794684685,0.3269319769980312,0.8785240741984486,1.0,False,False
guy,446,193,43.27354260089686,2025-07-08,2026-09-25,444,284,417,3,True,,2.950372264055663,-10.255010502091563,16.15575503020289,6.94413408367911,-10.660130539955393,16.560875068066718,0.670929553858896,0.9279874291602496,1.0,False,False
hairstylist,428,14,3.2710280373831773,2025-07-08,2026-09-25,444,280,398,6,True,,1.1229640581839528,-3.8502254915404763,6.0961536079083825,1.8856743146701642,-2.572957598569569,4.818885714937474,0.5514933508000085,0.9279874291602496,1.0,False,False
handy,459,260,56.644880174291934,2025-07-08,2026-09-24,443,284,421,3,True,,-0.023276883941183345,-12.885779845922913,12.839226078040548,6.726649776289367,-13.207510445468342,13.160956677585977,0.9972390075486527,1.0,1.0,False,False
happy,8834,6785,76.80552411138783,2025-07-08,2026-09-25,444,435,4956,42,True,,1.9526866146593436,-0.5655521887273236,4.4709254180460105,1.6183341100457393,-1.2192482410303056,5.124621470348993,0.22758511313348834,0.8530168463822171,1.0,False,False
he/him,433,198,45.72748267898383,2025-07-08,2026-09-25,444,269,398,4,True,,-5.072412391951072,-18.84965965127034,8.704834867368195,7.104561743045017,-18.997353408319306,8.852528624417161,0.47524847692970856,0.9161039218216102,1.0,False,False
healthy,8825,6886,78.02832861189802,2025-07-08,2026-09-25,444,435,4970,42,True,,0.9559990951710883,-1.517739918821114,3.4297381091632904,1.5250752864444965,-2.033148466260125,3.9451466566023012,0.530755135408974,0.9279874291602496,1.0,False,False
heartbroken,1311,191,14.569031273836766,2025-07-08,2026-09-25,444,413,1096,8,True,,2.549088632479193,-2.9040471311353118,8.002224396093698,2.7496227879429953,-2.840172031889078,7.938349296847464,0.3538909776083657,0.8785240741984486,1.0,False,False
hiker,440,166,37.72727272727273,2025-07-08,2026-09-24,443,284,411,4,True,,2.4998398455644453,-10.658044560893781,15.657724252022671,7.027623711785084,-11.27430262953432,16.27398232066321,0.722053085727334,0.9346902893008421,1.0,False,False
hip-hop fan,429,194,45.22144522144522,2025-07-09,2026-09-25,443,275,397,4,True,,12.872047145474227,-0.3582643575921267,26.10235864854058,6.7957115620109825,-0.44754751606729926,26.191641807015753,0.058206077187937924,0.6019753251802631,1.0,False,False
historian,402,57,14.17910447761194,2025-07-09,2026-09-22,440,273,376,4,True,,-4.753851084446242,-14.696516517634912,5.1888143487424285,5.134333963622847,-14.817145653147023,5.309443484254538,0.3545008598331988,0.8785240741984486,1.0,False,False
homemaker,422,124,29.383886255924168,2025-07-08,2026-09-25,444,283,392,3,True,,3.0793592500401803,-9.65905993003559,15.817778430115952,6.686150197879841,-10.025495137804308,16.184213637884667,0.6451158268564966,0.9279874291602496,1.0,False,False
homeowner,9036,4481,49.59052678176184,2025-07-08,2026-09-25,444,435,5020,44,True,,-6.124780678102482,-9.07190565156219,-3.177655704642775,1.956768904049764,-9.960047730040019,-2.2895136261649447,0.001747777163719408,0.13671501369538483,1.0,False,False
homeschooling parent,401,17,4.239401496259352,2025-07-09,2026-09-23,441,262,364,4,True,,0.025715023377843448,-5.731491516625335,5.782921563381022,3.0531190564137347,-5.958398327193076,6.009828373948763,0.9932798632567653,1.0,1.0,False,False
honest,1292,1245,96.36222910216719,2025-07-08,2026-09-24,443,417,1082,7,True,,-2.417255095618421,-5.3432874089334845,0.5087772176966419,1.6403351735748681,-5.632312035825162,0.7978018445883204,0.14057992986774492,0.7644504377578265,1.0,False,False
hopeful,1248,998,79.96794871794873,2025-07-08,2026-09-25,444,420,1050,6,True,,5.0211231871282225,-1.3407616503900055,11.38300802464645,3.3480972085297234,-1.541147341590035,11.58339371584648,0.13369353904575612,0.7644504377578265,1.0,False,False
hopeless,1307,164,12.547819433817903,2025-07-08,2026-09-25,444,417,1096,9,True,,-0.8246623768551465,-5.895258654784582,4.24593390107429,2.8327826103946134,-6.3769162932285886,4.727591539518296,0.7709642139521173,0.9512905030820662,1.0,False,False
horse rider,1388,90,6.484149855907781,2025-07-08,2026-09-25,444,425,1180,9,True,,-1.824666708331077,-5.56413666140318,1.9148032447410257,1.7679940352352879,-5.289935017392241,1.6406016007300872,0.30204645244672146,0.8785240741984486,1.0,False,False
housekeeper,426,99,23.239436619718308,2025-07-09,2026-09-25,443,287,399,4,True,,-0.23195700561006194,-11.640560612181863,11.17664660096174,5.908308184723834,-11.812241047668776,11.348327036448653,0.9686835256518184,1.0,1.0,False,False
human,1255,1250,99.60159362549801,2025-07-08,2026-09-25,444,407,1031,7,True,,0.18667345672765523,-0.8282765474179131,1.2016234608732237,0.43009416753017904,-0.6563111116314957,1.0296580250868062,0.6642671875666358,0.9279874291602496,1.0,False,False
human resources specialist,448,19,4.241071428571429,2025-07-08,2026-09-25,444,280,408,4,True,,2.1512491264933224,-3.116950836859342,7.419449089845987,3.146534438004236,-4.01595837199498,8.318456624981625,0.4941719437312153,0.9178596839685437,1.0,False,False
humanist,367,214,58.31062670299727,2025-07-10,2026-09-24,441,253,345,3,True,,-0.4631295966486423,-15.275150755254963,14.348891561957679,7.64909453987797,-15.455354894809462,14.529095701512178,0.95171999748156,1.0,1.0,False,False
hunter,427,18,4.215456674473068,2025-07-08,2026-09-25,444,282,396,3,True,,-2.1500624162336526,-7.54728807931402,3.2471632468467155,2.8112490988465533,-7.660110649972896,3.3599858175055917,0.4443866003206147,0.9015797309098351,1.0,False,False
husband,1273,233,18.3032207384132,2025-07-08,2026-09-25,444,420,1048,9,True,,-0.3029198712457088,-6.383919245120533,5.778079502629116,3.256279695527433,-6.685228074479477,6.07938833198806,0.925882613907435,0.9859723145089327,1.0,False,False
iPhone user,441,263,59.63718820861678,2025-07-08,2026-09-25,444,274,411,4,True,,13.615079762732197,0.2798352982363337,26.95032422722806,6.827150098656147,0.23386556936614866,26.996293956098246,0.04612416961286977,0.545367194729236,1.0,False,False
illustrator,438,50,11.415525114155251,2025-07-08,2026-09-24,443,277,397,4,True,,4.186613858499057,-4.3444822232001234,12.717709940198237,5.082927759406398,-5.775924549937483,14.149152266935598,0.4101317022642689,0.8824963090976354,1.0,False,False
immigrant,468,19,4.05982905982906,2025-07-08,2026-09-25,444,300,444,3,True,,0.10113462548615187,-4.985058614891277,5.187327865863581,2.5176063605898853,-4.833373841270023,5.035643092242327,0.9679568418228721,1.0,1.0,False,False
independent,1354,1100,81.24076809453472,2025-07-08,2026-09-25,444,425,1128,11,True,,-3.375665549656331,-9.266367090183609,2.515035990870947,3.0513631182229046,-9.356337261373223,2.605006162060562,0.2686048409187017,0.8754528148461388,1.0,False,False
influencer,467,27,5.781584582441114,2025-07-08,2026-09-25,444,297,434,5,True,,2.6463401035856706,-3.4925026634347245,8.785182870606066,3.450973485182939,-4.117567927372889,9.410248134544231,0.443177409563895,0.9015797309098351,1.0,False,False
insomniac,1287,306,23.776223776223777,2025-07-08,2026-09-25,444,419,1088,9,True,,1.3297495469894334,-5.507692202928599,8.167191296907466,3.591912683871243,-5.710399313398202,8.36989840737707,0.7112286081041511,0.930379849579687,1.0,False,False
instructor,429,66,15.384615384615385,2025-07-08,2026-09-24,443,275,394,4,True,,1.9181355859278832,-7.980046977743063,11.81631814959883,4.760925827839965,-7.413279036638448,11.249550208494215,0.6870281933482767,0.930379849579687,1.0,False,False
insurance agent,450,5,1.1111111111111112,2025-07-08,2026-09-25,444,282,411,4,True,,-0.13676895158412636,-2.9158703626217357,2.6423324594534834,1.5372254658419753,-3.1497308646343978,2.8761929614661454,0.9291047171169551,0.986560664932634,1.0,False,False
introverted,8997,6091,67.70034455929755,2025-07-08,2026-09-25,444,435,5000,44,True,,3.022029104158172,0.2549909422624608,5.789067266053884,1.817732894827233,-0.5407273697032045,6.584785578019549,0.09640725486538138,0.671987202229985,1.0,False,False
inventive,424,202,47.64150943396226,2025-07-08,2026-09-25,444,275,396,3,True,,-6.815554179794497,-20.622509872619684,6.991401513030691,7.153249921482319,-20.835924025899843,7.204815666310847,0.34069583113966784,0.8785240741984486,1.0,False,False
investor,8570,3937,45.93932322053676,2025-07-08,2026-09-25,444,426,4822,42,True,,-5.2930389738428,-8.461635929481979,-2.1244420182036228,2.043156172737949,-9.29762507240918,-1.2884528752764206,0.009580352322572996,0.36441210102226984,1.0,False,False
isolationist,410,59,14.390243902439023,2025-07-10,2026-09-24,441,277,375,5,True,,-4.946989029241341,-14.748422297065286,4.854444238582604,5.052342325828518,-14.849579987865237,4.955601929382554,0.3275070389310214,0.8785240741984486,1.0,False,False
janitor,457,10,2.1881838074398248,2025-07-10,2026-09-23,440,283,431,4,True,,-1.1725173333962324,-4.967627525224028,2.622592858431563,2.017083971434204,-5.126001917407272,2.7809672506148075,0.5610428170480016,0.9279874291602496,1.0,False,False
judge,1276,33,2.586206896551724,2025-07-08,2026-09-25,444,422,1064,7,True,,-1.325847461634876,-3.8655872113939433,1.2138922881241911,1.2747489695495309,-3.8243554419519565,1.1726605186822043,0.2983003464506242,0.8785240741984486,1.0,False,False
judgmental,435,128,29.42528735632184,2025-07-08,2026-09-25,444,277,400,5,True,,5.777307027244304,-6.50241165562874,18.057025710117347,6.420100039428762,-6.806089050036069,18.360703104524678,0.36818515883418373,0.8785240741984486,1.0,False,False
junior,1327,37,2.7882441597588548,2025-07-08,2026-09-25,444,421,1111,10,True,,2.1721925071776673,-0.37760003372945583,4.7219850480847905,1.251023568507672,-0.27981368709737,4.624198701452705,0.08250511254028134,0.6492986041868787,1.0,False,False
keto,423,32,7.5650118203309695,2025-07-09,2026-09-25,443,274,388,3,True,,-2.1493475097211805,-9.427204114294483,5.128509094852121,4.035197808628004,-10.058335214632068,5.759640195189707,0.5942759871527511,0.9279874291602496,1.0,False,False
kind,441,405,91.83673469387756,2025-07-08,2026-09-25,444,279,404,5,True,,1.0301322477973593,-6.452816338543045,8.513080834137764,3.8307144252554033,-6.478068025703231,8.53833252129795,0.7879959619108257,0.9529612286836466,1.0,False,False
knitter,435,35,8.045977011494253,2025-07-08,2026-09-17,436,265,402,4,True,,2.6325567990181304,-4.983489502770613,10.248603100806875,4.193205264855513,-5.586125520098674,10.851239118134936,0.5301251955176263,0.9279874291602496,1.0,False,False
laborer,443,90,20.31602708803612,2025-07-08,2026-09-25,444,290,405,3,True,,5.101945936991995,-5.607596698191837,15.811488572175826,5.514972590499993,-5.707400340387992,15.911292214371983,0.3549096685913714,0.8785240741984486,1.0,False,False
lawyer,413,7,1.694915254237288,2025-07-09,2026-09-25,443,271,372,5,True,,2.9496618102612966,-0.8089580236956366,6.70828164421823,2.484252053560759,-1.9194722147177914,7.818795835240385,0.23509195282299827,0.8530168463822171,1.0,False,False
leader,428,173,40.42056074766355,2025-07-12,2026-09-25,440,281,397,5,True,,7.951225161338749,-5.154487549595015,21.056937872272513,6.905358542707633,-5.583277582368212,21.48572790504571,0.24954417266261347,0.8530168463822171,1.0,False,False
leftist,407,127,31.203931203931205,2025-07-12,2026-09-23,438,272,381,4,True,,12.936763566303796,-0.4089823614199499,26.282509494027543,6.5043178075384125,0.1883006635285085,25.685226469079083,0.04670671084794216,0.545367194729236,1.0,False,False
lesbian,1264,29,2.2943037974683547,2025-07-08,2026-09-25,444,424,1040,10,True,,1.6380464366873848,-0.7334598321482086,4.009552705522978,1.291612321380337,-0.8935137132180755,4.169606586592845,0.20471998862779797,0.8188799545111919,1.0,False,False
liberal,1295,669,51.66023166023166,2025-07-08,2026-09-25,444,425,1055,9,True,,4.866221416565772,-2.8368740149890908,12.569316848120634,4.169412844012403,-3.3058277576985393,13.038270590830082,0.2431603337331839,0.8530168463822171,1.0,False,False
libertine,397,24,6.045340050377834,2025-07-08,2026-09-24,443,260,372,3,True,,-1.1244336334954084,-7.7306598858009465,5.481792618810129,3.0716750512671167,-7.144916733978958,4.89604946698814,0.7143163534723886,0.931256875638077,1.0,False,False
librarian,423,4,0.9456264775413712,2025-07-09,2026-09-23,441,270,389,4,True,,0.45455172502407004,-2.2695795448081695,3.1786829948563096,1.146086990762733,-1.7917787768708866,2.7008822269190267,0.6916536848464905,0.930379849579687,1.0,False,False
lifelong learner,419,371,88.54415274463007,2025-07-09,2026-09-25,443,284,392,4,True,,5.161998149874643,-3.362218257442235,13.686214557191521,4.089327667802096,-2.8530840790174654,13.177080378766751,0.20683735285703672,0.8226751209681008,1.0,False,False
liked,456,399,87.5,2025-07-22,2026-09-25,430,276,421,4,True,,-3.7815602404526425,-12.75845577836304,5.195335297457754,4.501615570374897,-12.60472675838744,5.041606277482155,0.4008830827413294,0.8818966931623946,1.0,False,False
long-distance partner,442,35,7.918552036199094,2025-07-08,2026-09-25,444,285,401,4,True,,1.3946396919077555,-5.9737142898144935,8.762993673630005,3.588813646431698,-5.639435055098372,8.428714438913882,0.6975665605610344,0.930379849579687,1.0,False,False
loyal,484,451,93.18181818181817,2025-07-09,2026-09-25,443,296,455,3,True,,-4.2732418308681615,-10.677877637656739,2.1313939759204166,3.4743127712379676,-11.082894862494577,2.5364112007582547,0.21871466076287285,0.8460171493245191,1.0,False,False
lurker,441,120,27.2108843537415,2025-07-08,2026-09-25,444,273,401,4,True,,5.850565080864227,-5.785185576249887,17.48631573797834,6.227869948035156,-6.35606001728468,18.057190179013134,0.3475168383016587,0.8785240741984486,1.0,False,False
luxury buyer,444,47,10.585585585585585,2025-07-09,2026-09-25,443,288,410,3,True,,2.984289288824832,-5.210571471572583,11.179150049222248,4.126687220376494,-5.104017663113097,11.07259624076276,0.4695765056470681,0.9161039218216102,1.0,False,False
maga,37,10,27.027027027027028,2025-07-08,2025-07-17,9,10,37,1,False,fewer than 300 observations; span shorter than 180 days; fewer than 30 dates,,,,,,,,,,False,False
male,9088,4247,46.73195422535211,2025-07-08,2026-09-25,444,435,5033,50,True,,-7.249802078988783,-10.181181643811623,-4.318422514165943,2.0080898372999783,-11.185658160096741,-3.313945997880826,0.00030584579222959124,0.11652534524983381,0.21531543772963224,False,False
mama,1272,381,29.952830188679247,2025-07-08,2026-09-25,444,411,1052,10,True,,3.131745767942346,-4.165552155678922,10.429043691563614,3.9294143779912423,-4.5699064129204885,10.833397948805182,0.42545066053360486,0.8914204315942197,1.0,False,False
man,1264,602,47.62658227848101,2025-07-09,2026-09-25,443,418,1058,11,True,,-8.599210763879343,-16.421957066931512,-0.7764644608271727,4.264408274359322,-16.957450981623616,-0.24097054613507218,0.04374694711485757,0.545367194729236,1.0,False,False
manager,1305,379,29.042145593869733,2025-07-08,2026-09-25,444,402,1095,6,True,,-5.0311432642034655,-11.938567981326816,1.8762814529198852,3.739305120249101,-12.360181299891703,2.2978947714847724,0.17847174201079302,0.7688209418673357,1.0,False,False
marathoner,1274,52,4.081632653061225,2025-07-09,2026-09-25,443,415,1065,9,True,,0.3286306951164627,-2.751695355822537,3.408956746055462,1.658579529906161,-2.9221851834996126,3.579446573732538,0.8429356490231087,0.9644771130083132,1.0,False,False
married,1263,493,39.03404592240697,2025-07-08,2026-09-25,444,413,1038,13,True,,-2.8072300181516816,-10.565065499875525,4.9506054635721615,4.059917446513974,-10.76466821331907,5.150208177015707,0.4892827764274509,0.9161039218216102,1.0,False,False
marvel fan,452,168,37.16814159292036,2025-07-09,2026-09-25,443,281,425,4,True,,-3.7845518178063045,-16.88925094477808,9.320147309165472,6.821185194317417,-17.154074798668443,9.584971163055833,0.5790155947363513,0.9279874291602496,1.0,False,False
mayor,432,3,0.6944444444444444,2025-07-08,2026-09-23,442,272,399,4,True,,-0.8369075065266669,-3.1337536261880214,1.4599386131346876,1.2050444017166186,-3.1987945338912396,1.5249795208379058,0.48736653167771193,0.9161039218216102,1.0,False,False
mechanic,398,13,3.2663316582914574,2025-07-09,2026-09-24,442,264,366,4,True,,2.032109696605869,-3.261083235333448,7.325302628545186,2.9111779535505575,-3.6737990923532235,7.738018485564962,0.48515410434453804,0.9161039218216102,1.0,False,False
meme creator,433,42,9.699769053117784,2025-07-08,2026-09-25,444,273,400,4,True,,-1.9590108845936198,-9.762971027008053,5.844949257820814,3.9264314037339085,-9.65481643591208,5.73679466672484,0.6178293330775407,0.9279874291602496,1.0,False,False
mentor,402,136,33.83084577114428,2025-07-08,2026-09-25,444,267,376,3,True,,3.7642908248299176,-9.62433952405454,17.152921173714375,6.967316610310633,-9.891649731378925,17.42023138103876,0.589005036929477,0.9279874291602496,1.0,False,False
metalhead,410,69,16.82926829268293,2025-07-08,2026-09-25,444,265,378,5,True,,4.7255308758332335,-5.740423493268673,15.19148524493514,5.8526254480744,-6.745615002392591,16.19667675405906,0.41942415086241736,0.8839834484332575,1.0,False,False
military personnel,1334,20,1.4992503748125936,2025-07-08,2026-09-25,444,425,1120,10,True,,0.6796345256532335,-1.1911929861834274,2.5504620374898943,1.041586114803559,-1.3618742593617421,2.721143310668209,0.5140789293433211,0.9191823578671998,1.0,False,False
misunderstood,427,148,34.66042154566745,2025-07-08,2026-09-25,444,277,399,4,True,,-2.8416589575436317,-15.719508952597678,10.036191037510417,6.7113921642711505,-15.995987599515086,10.312669684427824,0.6719974108023796,0.9279874291602496,1.0,False,False
mma fan,419,67,15.990453460620524,2025-07-09,2026-09-25,443,269,389,3,True,,-4.8436920141868205,-14.638809962446825,4.951425934073183,4.500680275576347,-13.665025354316459,3.9776413259428187,0.2818318686815005,0.8785240741984486,1.0,False,False
model,433,11,2.5404157043879905,2025-07-08,2026-09-25,444,282,398,4,True,,0.2715567550034939,-4.086029725130932,4.62914323513792,2.1361307253454322,-3.915259466673553,4.458372976680541,0.8988410437443276,0.9780279672272129,1.0,False,False
moderate,422,214,50.71090047393365,2025-07-09,2026-09-22,440,272,393,4,True,,1.268157822955669,-12.578170092695212,15.114485738606549,7.232774917562295,-12.90808101546643,15.444396661377766,0.8608164950434559,0.9674420129279254,1.0,False,False
modest,435,365,83.9080459770115,2025-07-08,2026-09-24,443,270,404,4,True,,-6.329083431078435,-15.932446075314054,3.2742792131571834,4.907784156564229,-15.948340377944323,3.290173515787452,0.1971892230397428,0.8042175204896241,1.0,False,False
mom,1298,405,31.20184899845917,2025-07-08,2026-09-25,444,419,1060,7,True,,1.4835935095626476,-5.646090074486194,8.61327709361149,3.9358429815367844,-6.230658734249449,9.197845753374745,0.7062150117098169,0.930379849579687,1.0,False,False
monogamist,399,288,72.18045112781954,2025-07-12,2026-09-24,439,268,374,3,True,,6.600306411744381,-6.418659310779379,19.61927213426814,6.559122891275365,-6.255574455155335,19.456187278644094,0.3142814682148445,0.8785240741984486,1.0,False,False
mother,434,127,29.262672811059907,2025-07-08,2026-09-25,444,276,399,5,True,,5.4213219860879684,-6.504301460458687,17.346945432634623,6.22258819267609,-6.774950871557167,17.617594843733105,0.38362713726037223,0.8785240741984486,1.0,False,False
motivational speaker,414,16,3.864734299516908,2025-07-08,2026-09-25,444,279,390,5,True,,-2.4583467588451757,-7.458734976558711,2.5420414588683595,2.8297732853260498,-8.004702398084234,3.0880088803938817,0.3849875179884271,0.8785240741984486,1.0,False,False
movie lover,9042,6968,77.06259677062597,2025-07-08,2026-09-25,444,435,5017,49,True,,-0.025390753502010827,-2.508606355888794,2.4578248488847723,1.5952266557616976,-3.1520349987949383,3.1012534917909167,0.9873008423206102,1.0,1.0,False,False
music nerd,411,174,42.33576642335766,2025-07-08,2026-09-25,444,272,378,3,True,,9.553162459698862,-3.9466469567340887,23.052971876131814,7.019592642085332,-4.205239118788388,23.311564038186113,0.1735363411049572,0.7688209418673357,1.0,False,False
musician,423,90,21.27659574468085,2025-07-09,2026-09-25,443,266,393,4,True,,-5.791887302199174,-16.850507039187843,5.2667324347894935,5.5860161745413555,-16.74047900430023,5.156704399901883,0.29980356361181526,0.8785240741984486,1.0,False,False
mystery fan,443,219,49.43566591422122,2025-07-09,2026-09-23,441,276,409,4,True,,-6.704775535263373,-19.98013937366868,6.570588303141935,6.865787481971454,-20.161718999927423,6.752167929400677,0.32879264875513325,0.8785240741984486,1.0,False,False
narcissist,456,16,3.508771929824561,2025-07-09,2026-09-25,443,294,420,3,True,,2.2369182159431285,-2.437677054252151,6.911513486138408,2.2884999782245807,-2.24854174137705,6.722378173263307,0.3283412491623794,0.8785240741984486,1.0,False,False
nationalist,396,62,15.656565656565657,2025-07-09,2026-09-25,443,267,376,3,True,,-4.015164950730187,-14.030982022992916,6.00065212153254,5.1825631850483065,-14.172988793424867,6.142658891964493,0.4384903505750837,0.8999180298052992,1.0,False,False
nature lover,428,365,85.2803738317757,2025-07-08,2026-09-22,441,272,403,6,True,,6.325635452356572,-3.0702295111884084,15.721500415901552,4.691546511724734,-2.869795710623908,15.521066615337052,0.17756031608196188,0.7688209418673357,1.0,False,False
nba fan,409,130,31.784841075794624,2025-07-10,2026-09-23,440,264,387,4,True,,-14.185854578199269,-27.35227863865005,-1.0194305177484893,6.746149599504335,-27.408307793227763,-0.9634013631707727,0.035482592326321484,0.4995948999546065,1.0,False,False
neighborly,421,289,68.646080760095,2025-07-08,2026-09-23,442,287,391,4,True,,-1.5732532880116068,-14.368330807537943,11.221824231514729,6.592174647590292,-14.493915597288579,11.347409021265365,0.8113733665071534,0.9644771130083132,1.0,False,False
neo-conservative,429,8,1.8648018648018647,2025-07-08,2026-09-25,444,283,401,3,True,,1.5850088888332832,-2.0741351071413123,5.244152884807878,1.7421912592005797,-1.8296859791998532,4.9997037568664195,0.36293911181672345,0.8785240741984486,1.0,False,False
nephew,431,128,29.698375870069604,2025-07-08,2026-09-25,444,278,398,3,True,,-4.067629580190539,-16.612206354603344,8.476947194222266,6.593982930985612,-16.991836124922337,8.85657696454126,0.5373205430154433,0.9279874291602496,1.0,False,False
nerd,1282,569,44.383775351014044,2025-07-08,2026-09-25,444,418,1073,9,True,,1.59172483815009,-6.110735902969165,9.294185579269346,4.114475684067321,-6.472647502621858,9.656097178922039,0.6988600756630493,0.930379849579687,1.0,False,False
nervous,1302,499,38.325652841781874,2025-07-08,2026-09-25,444,423,1097,11,True,,7.428140341242657,-0.29919825498947095,15.155478937474786,4.133463621395813,-0.6734483566931351,15.529729039178449,0.07232385975047768,0.6134457501727264,1.0,False,False
neurodivergent,1193,293,24.559932942162614,2025-07-08,2026-09-25,444,416,994,7,True,,11.402864209396459,4.4621187870564,18.343609631736516,3.6232564689513387,4.301281530251835,18.504446888541082,0.0016488084624422254,0.13671501369538483,1.0,False,False
nft investor,431,10,2.320185614849188,2025-07-09,2026-09-23,441,281,397,4,True,,1.2040366277634973,-2.9593697306777473,5.367442986204742,2.3314075343900376,-3.3655221396409765,5.7735953951679715,0.6055457806347516,0.9279874291602496,1.0,False,False
niece,1258,546,43.40222575516693,2025-07-08,2026-09-25,444,408,1054,7,True,,13.786187700388561,6.160198378443153,21.41217702233397,4.017103491373168,5.912664857297153,21.65971054347997,0.0005994289145594647,0.11652534524983381,0.4219979558498631,False,False
night owl,1240,577,46.53225806451613,2025-07-08,2026-09-25,444,418,1061,7,True,,0.9656185733938638,-6.947023056046826,8.878260202834554,4.096862976294334,-7.06423286014303,8.995470006930757,0.8136677486352963,0.9644771130083132,1.0,False,False
non-denominational,395,124,31.39240506329114,2025-07-08,2026-09-25,444,267,372,3,True,,2.3882154133571203,-10.701149534556098,15.477580361270338,6.936609519858965,-11.207539245566451,15.983970072280691,0.7306271067151462,0.9403317790264404,1.0,False,False
non-voter,420,64,15.238095238095239,2025-07-08,2026-09-25,444,276,393,3,True,,3.1321207152912303,-6.1102286731968585,12.37447010377932,4.84755385457602,-6.369084839677769,12.63332627026023,0.5181990765037601,0.9191823578671998,1.0,False,False
nostalgic,430,303,70.46511627906978,2025-07-08,2026-09-25,444,276,401,4,True,,0.6203449594944682,-11.625210120798114,12.865900039787052,6.696305237351529,-12.504413305714529,13.745103224703467,0.9261896548612457,0.9859723145089327,1.0,False,False
nurse,439,10,2.277904328018223,2025-07-08,2026-09-25,444,287,402,4,True,,1.0913575945364318,-3.0540819688371723,5.236797157910036,1.9536876294471823,-2.737870159180045,4.920585348252909,0.5764250669132377,0.9279874291602496,1.0,False,False
old,1255,345,27.490039840637447,2025-07-08,2026-09-25,444,418,1056,11,True,,-8.496378915078816,-15.438125566668411,-1.5546322634892205,3.6957148908148523,-15.739980101075925,-1.2527777290817061,0.02150600902619928,0.4226495959539727,1.0,False,False
online community moderator,458,37,8.078602620087336,2025-07-08,2026-09-25,444,284,420,5,True,,0.9767599989666059,-6.1199133275274775,8.07343332546069,3.7586356659751776,-6.390165906344742,8.343685904277955,0.7949633657575259,0.9566738623817064,1.0,False,False
opinionated,436,323,74.08256880733946,2025-07-08,2026-09-24,443,282,409,6,True,,2.3466513886848706,-9.626064351632342,14.319367129002083,6.057519726432649,-9.526087275123121,14.219390052492862,0.6984639839232292,0.930379849579687,1.0,False,False
optimistic,1279,929,72.63487099296326,2025-07-08,2026-09-25,444,412,1067,9,True,,2.2434170332541226,-4.750460833042261,9.237294899550506,3.695183621030341,-4.999142863965346,9.48597693047359,0.5437717895000596,0.9279874291602496,1.0,False,False
organized,482,370,76.76348547717843,2025-07-08,2026-09-25,444,293,447,5,True,,8.89217971385623,-1.802910356608427,19.58726978432089,5.482729466004339,-1.8539700395122747,19.638329467224736,0.10483488639128666,0.7022668685805598,1.0,False,False
outgoing,414,168,40.57971014492754,2025-07-08,2026-09-25,444,278,368,4,True,,-2.2391475481861085,-15.690278211168811,11.211983114796594,6.88345415252601,-15.730717687137089,11.252422590764871,0.744958438097928,0.9489640426650964,1.0,False,False
overachiever,455,144,31.648351648351646,2025-07-10,2026-09-24,441,291,431,5,True,,5.992123531857698,-6.36791873873779,18.352165802453186,6.206553804776732,-6.172721925504697,18.156968989220093,0.3343189711478279,0.8785240741984486,1.0,False,False
overthinker,411,285,69.34306569343066,2025-07-08,2026-09-24,443,267,377,5,True,,15.115364851554617,2.6425684903401105,27.588161212769123,6.584001376559772,2.210722153497464,28.02000754961177,0.021688931249938287,0.4226495959539727,1.0,False,False
owner,402,215,53.482587064676615,2025-07-08,2026-09-25,444,271,375,3,True,,1.1693776185202538,-12.568526353730704,14.907281590771213,6.915350512845208,-12.384709386656354,14.723464623696863,0.8657189122821535,0.9704874430678918,1.0,False,False
paleo,409,11,2.689486552567237,2025-07-09,2026-09-23,441,269,383,3,True,,-3.0866213371118953,-7.519768003271331,1.3465253290475396,2.678373515008228,-8.336233426528022,2.1629907523042315,0.24914697280070175,0.8530168463822171,1.0,False,False
pantheist,378,11,2.91005291005291,2025-07-10,2026-09-25,442,266,359,3,True,,0.06824731193746623,-4.702115215252169,4.838609839127102,2.353766577226586,-4.545135179426642,4.681629803301575,0.9768686291567764,1.0,1.0,False,False
paralegal,454,5,1.1013215859030838,2025-07-08,2026-09-25,444,275,427,3,True,,-2.0080907533955203,-4.746047648208391,0.7298661414173497,1.6134207307133823,-5.17039538559375,1.1542138788027088,0.2132725948999974,0.8435050944359447,1.0,False,False
parent,383,172,44.90861618798956,2025-07-08,2026-09-25,444,259,351,5,True,,-0.6987268553648973,-15.139531275436898,13.742077564707103,7.642119051735182,-15.677280196765853,14.279826486036058,0.9271501025637975,0.9859723145089327,1.0,False,False
park ranger,468,3,0.641025641025641,2025-07-08,2026-09-25,444,297,428,4,True,,-1.3333658148192515,-3.440316774312544,0.7735851446740412,0.897872025077403,-3.093194983970961,0.4264633543324583,0.13753619549210758,0.7644504377578265,1.0,False,False
partner,445,253,56.853932584269664,2025-07-08,2026-09-23,442,279,407,5,True,,8.287290487793573,-5.079449601662159,21.654030577249305,7.0195040244969515,-5.470937400220452,22.045518375807596,0.2377580379097473,0.8530168463822171,1.0,False,False
partnered,431,223,51.74013921113689,2025-07-08,2026-09-25,444,277,399,5,True,,5.696877230046734,-7.551453442493434,18.9452079025869,6.956480037028462,-7.93782364252905,19.33157810262252,0.41282577566262724,0.8824963090976354,1.0,False,False
pastor,440,2,0.45454545454545453,2025-07-09,2026-09-25,443,277,399,4,True,,1.2537946886083864,-0.5055068414994308,3.0130962187162034,0.9345035987047735,-0.5778323648529697,3.0854217420697427,0.17970328029040053,0.7688209418673357,1.0,False,False
patient,418,300,71.77033492822966,2025-07-09,2026-09-25,443,282,391,4,True,,1.8777934316750604,-10.105080733159284,13.860667596509405,5.815379160896899,-9.520349723682862,13.275936587032984,0.7467699994836128,0.9489640426650964,1.0,False,False
patriot,1221,510,41.76904176904177,2025-07-08,2026-09-25,444,407,1017,11,True,,-2.7066203842375103,-10.694495766049341,5.281254997574321,4.165393813140995,-10.87079225799386,5.45755148951884,0.515829563844964,0.9191823578671998,1.0,False,False
patriotic,407,205,50.368550368550366,2025-07-08,2026-09-24,443,269,377,5,True,,0.7052858436551999,-13.508884533059867,14.919456220370265,7.2256290603745805,-13.456947114678979,14.867518801989377,0.9222428417743629,0.98532845281587,1.0,False,False
peaceful,391,340,86.95652173913044,2025-07-08,2026-09-24,443,266,367,3,True,,-8.12347720301331,-17.631001978757283,1.38404757273066,5.310269559542548,-18.531605539716704,2.284651133690083,0.12607431615911238,0.754247775638823,1.0,False,False
people-pleaser,455,207,45.494505494505496,2025-07-11,2026-09-22,438,275,423,5,True,,-1.4041729218808214,-14.698955648532104,11.890609804770461,6.9951312060902175,-15.114630085817648,12.306284242056005,0.8409052027443273,0.9644771130083132,1.0,False,False
perfectionist,411,175,42.579075425790755,2025-07-09,2026-09-25,443,266,377,3,True,,11.712381727866896,-1.7370867863808677,25.16185024211466,6.935158738988189,-1.880529400549955,25.30529285628375,0.09124986819150437,0.6492986041868787,1.0,False,False
person,420,411,97.85714285714285,2025-07-10,2026-09-24,441,282,396,3,True,,-3.094517501157962,-7.135906993696498,0.9468719913805739,2.0286379818957685,-7.070647945673668,0.881612943357744,0.12715528872114137,0.754247775638823,1.0,False,False
personal assistant,1336,66,4.940119760479042,2025-07-08,2026-09-25,444,418,1122,8,True,,2.5980740905792463,-0.7278835618234365,5.92403174298193,1.9082269854487834,-1.1420508009003694,6.338198982058862,0.17335191890148466,0.7688209418673357,1.0,False,False
pessimistic,446,137,30.717488789237667,2025-07-08,2026-09-25,444,284,405,4,True,,-2.5627065778675564,-14.73794287002316,9.612529714288046,6.1904385953343395,-14.695966224722863,9.57055306898775,0.6788900780546763,0.930379849579687,1.0,False,False
pest control specialist,459,3,0.6535947712418301,2025-07-08,2026-09-25,444,291,422,5,True,,0.28646982769200025,-1.823902648102993,2.3968423034869932,1.0260327536640534,-1.7245543694895447,2.297494024873545,0.7800902345795614,0.9529612286836466,1.0,False,False
pharmacist,414,9,2.1739130434782608,2025-07-08,2026-09-25,444,266,388,5,True,,0.06990871123131968,-3.8453936660838886,3.9852110885465275,1.8418175793421259,-3.540053744279247,3.679871166741886,0.9697224678933455,1.0,1.0,False,False
phd,424,11,2.5943396226415096,2025-07-08,2026-09-23,442,276,395,4,True,,1.239978234393136,-3.1616846266848837,5.641641095471155,2.2588820480781395,-3.1874305798400178,5.667387048626289,0.5830504171441974,0.9279874291602496,1.0,False,False
photographer,416,95,22.83653846153846,2025-07-08,2026-09-20,439,280,387,3,True,,5.336604083109858,-6.550190637719474,17.22339880393919,5.833443927989786,-6.096946015750122,16.770154181969836,0.360281371229943,0.8785240741984486,1.0,False,False
piano player,1311,155,11.823035850495804,2025-07-08,2026-09-25,444,422,1093,9,True,,-1.462245408442121,-6.462027441300231,3.5375366244159885,2.6339143787994974,-6.624717590889136,3.7002267740048937,0.5787848360221154,0.9279874291602496,1.0,False,False
pilot,451,5,1.1086474501108647,2025-07-08,2026-09-25,444,281,409,4,True,,0.9823057437941901,-1.822363863681761,3.786975351270141,1.4121462977817723,-1.7855009998580837,3.7501124874464637,0.4866719230252616,0.9161039218216102,1.0,False,False
planner,419,300,71.59904534606206,2025-07-10,2026-09-25,442,268,387,4,True,,-12.988485019591431,-24.672027237515522,-1.3049428016673428,5.863900729506909,-24.481730449424973,-1.4952395897578903,0.026760709443388545,0.4501567367699582,1.0,False,False
plant parent,433,144,33.25635103926097,2025-07-08,2026-09-25,444,280,394,4,True,,2.9291803567448826,-9.988714557022304,15.84707527051207,6.6402908025585505,-10.085789616269876,15.944150329759642,0.6591244596262056,0.9279874291602496,1.0,False,False
plumber,437,2,0.4576659038901602,2025-07-08,2026-09-25,444,277,394,4,True,,1.3541564644293191,-0.40574243768794793,3.1140553665465864,0.9583756748831034,-0.5242598583415634,3.2325727872002017,0.15766442640268083,0.7688209418673357,1.0,False,False
podcast host,443,5,1.1286681715575622,2025-07-08,2026-09-25,444,278,405,5,True,,-0.18311224504740223,-3.052139188402264,2.6859146983074593,1.7290926831713676,-3.5721339040632825,3.205909413968478,0.915661083822325,0.98532845281587,1.0,False,False
podcaster,1350,23,1.7037037037037037,2025-07-08,2026-09-25,444,419,1123,9,True,,-0.23558336732633053,-2.176070561813271,1.7049038271606103,1.0002860318158844,-2.196143989685464,1.7249772550328029,0.8138082601152395,0.9644771130083132,1.0,False,False
poet,432,57,13.194444444444445,2025-07-08,2026-09-25,444,276,407,3,True,,-0.008155049979893858,-9.601821903473141,9.585511803513352,4.969723796141031,-9.748813690416316,9.732503590456528,0.9986907148529174,1.0,1.0,False,False
police officer,444,5,1.1261261261261262,2025-07-09,2026-09-21,439,289,410,3,True,,-3.9527535212621867,-6.787268068535896,-1.1182389739884768,1.9096858927086977,-7.695737870971234,-0.20976917155313934,0.03846687530649636,0.5207823118417969,1.0,False,False
politician,452,1,0.22123893805309736,2025-07-09,2026-09-23,441,275,411,5,True,,-1.0289491867257587,-2.2719870574585475,0.21408868400703018,1.0256571751106203,-3.0392372499425746,0.9813388764910571,0.31575971273041215,0.8785240741984486,1.0,False,False
polyamorous,444,10,2.2522522522522523,2025-07-09,2026-09-25,443,287,417,4,True,,0.24550064611823588,-3.6718600996250967,4.1628613918615684,2.287550163701784,-4.2380976747372605,4.729098966973733,0.9145348540223482,0.98532845281587,1.0,False,False
polyglot,402,26,6.467661691542288,2025-07-09,2026-09-25,443,268,362,4,True,,-3.10437291681439,-10.017069122706527,3.8083232890777468,3.665880321278778,-10.289498346520794,4.080752512892014,0.39709057071752285,0.8818966931623946,1.0,False,False
polytheist,393,8,2.035623409669211,2025-07-09,2026-09-25,443,261,376,3,True,,3.674443089518227,-0.4366015710561766,7.785487750092631,2.084905603889224,-0.4119718941046515,7.760858073141106,0.07800129704412112,0.6369943747036902,1.0,False,False
poor,1326,433,32.65460030165912,2025-07-08,2026-09-25,444,421,1120,9,True,,5.1203263405518715,-2.1656864100810953,12.406339091184838,3.8219642771498243,-2.370723642661784,12.611376323765526,0.1803394257327783,0.7688209418673357,1.0,False,False
practical,446,402,90.13452914798206,2025-07-08,2026-09-25,444,282,417,4,True,,-1.314362137305651,-9.29763063415563,6.6689063595443265,4.226940376174416,-9.599165274607506,6.970440999996204,0.7558395271076183,0.9512905030820662,1.0,False,False
prepper,418,100,23.923444976076556,2025-07-10,2026-09-25,442,282,390,3,True,,8.743231548809725,-3.0118134000867283,20.49827649770618,6.13156510772129,-3.274636062324003,20.761099159943452,0.15388624583145757,0.7688209418673357,1.0,False,False
preppy,410,36,8.780487804878048,2025-07-12,2026-09-23,438,267,379,3,True,,2.8283999373304276,-5.163753462653165,10.82055333731402,3.243680169499852,-3.529213194889282,9.186013069550137,0.38322337484911484,0.8785240741984486,1.0,False,False
president,14,0,0.0,2025-07-11,2025-07-20,9,7,14,1,False,fewer than 300 observations; span shorter than 180 days; fewer than 30 dates,,,,,,,,,,False,False
pretty,422,176,41.70616113744076,2025-07-09,2026-09-24,442,267,388,5,True,,17.412658429462446,3.408794509255026,31.41652234966987,7.151849017204072,3.3950343557424656,31.430282503182426,0.014903843482620228,0.4129960606704389,1.0,False,False
pro-choice,421,306,72.68408551068883,2025-07-08,2026-09-25,444,274,394,4,True,,0.9959072073647001,-11.428192309773861,13.420006724503262,6.5028387326343555,-11.749656708598636,13.741471123328036,0.87828029519341,0.973813927178263,1.0,False,False
pro-life,421,145,34.441805225653205,2025-07-09,2026-09-25,443,273,388,4,True,,6.862047577571265,-6.503678832460186,20.227773987602717,6.769889671673282,-6.406936178908368,20.1310313340509,0.31076749450507773,0.8785240741984486,1.0,False,False
procrastinator,390,182,46.666666666666664,2025-07-08,2026-09-21,440,263,358,4,True,,12.277816184194576,-2.052201919596289,26.60783428798544,7.496004568291263,-2.4143527696563005,26.969985138045452,0.10143948594570962,0.7001313539782311,1.0,False,False
producer,451,55,12.195121951219512,2025-07-08,2026-09-24,443,287,411,3,True,,-2.452635211146357,-10.999483877303042,6.094213455010329,4.397113845616348,-11.070978348554398,6.1657079262616845,0.5769925944848233,0.9279874291602496,1.0,False,False
professional,1245,798,64.09638554216868,2025-07-08,2026-09-25,444,419,1057,7,True,,1.5481016097478242,-6.172518375542587,9.268721595038235,4.042110090572337,-6.374434167773957,9.470637387269605,0.7017246351508526,0.930379849579687,1.0,False,False
professor,1317,50,3.7965072133637054,2025-07-08,2026-09-25,444,414,1097,8,True,,0.8964774098982099,-2.117183891583599,3.9101387113800192,1.5391157318183377,-2.1201894244657318,3.913144244262152,0.5602551003980951,0.9279874291602496,1.0,False,False
programmer,415,40,9.63855421686747,2025-07-09,2026-09-25,443,268,379,4,True,,5.954845820979701,-2.343956760284989,14.25364840224439,4.382503383706206,-2.6348608110844634,14.544552453043865,0.1742171898424345,0.7688209418673357,1.0,False,False
progressive,439,249,56.71981776765376,2025-07-08,2026-09-23,442,278,407,7,True,,-5.589914120971814,-19.436154932926314,8.256326690982686,6.919791563910023,-19.152705586235456,7.972877344291829,0.41919686422039715,0.8839834484332575,1.0,False,False
project manager,397,67,16.876574307304786,2025-07-08,2026-09-24,443,258,369,3,True,,3.3403050164347983,-7.346350765382426,14.026960798252023,5.619513760068416,-7.673941953299296,14.354551986168893,0.5522367505246761,0.9279874291602496,1.0,False,False
protestor,1228,175,14.250814332247558,2025-07-08,2026-09-25,444,413,1047,10,True,,-1.6582522370594184,-7.246959070019993,3.930454595901156,2.9928207313546005,-7.524180870514435,4.207676396395598,0.5795263547113745,0.9279874291602496,1.0,False,False
proud,416,269,64.66346153846155,2025-07-09,2026-09-25,443,280,388,3,True,,-0.831773973868548,-13.95629675660946,12.292748808872362,6.724206900064966,-14.011219497995882,12.347671550258784,0.9015540386207392,0.9794661160324081,1.0,False,False
psychiatrist,402,2,0.4975124378109453,2025-07-08,2026-09-25,444,259,376,4,True,,-0.5758165297277057,-2.5437924940939323,1.3921594346385207,1.0322404855807337,-2.5990078814659436,1.447374822010532,0.5769592710900593,0.9279874291602496,1.0,False,False
public relations specialist,438,19,4.337899543378995,2025-07-08,2026-09-24,443,284,409,3,True,,-1.9400735300507141,-7.474362704941318,3.594215644839889,2.8515485794791577,-7.529108745829864,3.648961685728435,0.4962778875396718,0.9178596839685437,1.0,False,False
public transit rider,431,76,17.633410672853827,2025-07-08,2026-09-24,443,280,399,5,True,,9.079884460428044,-1.1148614155449046,19.274630336400993,4.818625907606176,-0.36462231848006077,18.524391239336147,0.05952026481065539,0.6019753251802631,1.0,False,False
punk,446,33,7.399103139013453,2025-07-08,2026-09-24,443,287,409,4,True,,2.503232441381093,-4.444035994818691,9.450500877580877,3.5359278628908966,-4.427186169885064,9.43365105264725,0.47898117117360045,0.9161039218216102,1.0,False,False
queer,452,52,11.504424778761061,2025-07-10,2026-09-24,441,273,424,3,True,,3.7492306579856347,-4.587804313267272,12.086265629238541,3.9068160749404814,-3.908128848897709,11.406590164868978,0.3372243579971028,0.8785240741984486,1.0,False,False
quiet,403,293,72.7047146401985,2025-07-10,2026-09-24,441,262,372,4,True,,-5.620180940903461,-18.300061751833745,7.059699870026822,6.732864730490623,-18.81659581266508,7.576233930858159,0.40386499841569723,0.8818966931623946,1.0,False,False
rapper,455,4,0.8791208791208791,2025-07-08,2026-09-25,444,283,416,4,True,,-1.0509424442339153,-3.4334193893995257,1.331534500931695,1.226487094675661,-3.454857149798211,1.35297226133038,0.3915156312338107,0.8805974581105519,1.0,False,False
reader,430,351,81.62790697674419,2025-07-09,2026-09-25,443,276,392,4,True,,4.5182629187716445,-5.930591740445833,14.967117577989121,5.241803512969554,-5.7556719666486815,14.792197804191971,0.38870554425687454,0.8785240741984486,1.0,False,False
real estate agent,413,7,1.694915254237288,2025-07-08,2026-09-25,444,276,389,4,True,,-2.28916268927788,-5.805619515207207,1.2272941366514472,1.8504846127202954,-5.916112530209659,1.3377871516538993,0.2160643681817735,0.8450517511109363,1.0,False,False
reality TV fan,409,128,31.295843520782395,2025-07-10,2026-09-23,440,272,380,4,True,,2.926178584031956,-9.80208878794801,15.654445956011921,6.490531255321767,-9.795262676398709,15.64761984446262,0.6521062609619934,0.9279874291602496,1.0,False,False
realtor,471,7,1.48619957537155,2025-07-08,2026-09-25,444,291,425,5,True,,0.8206004044276523,-2.2029498189284755,3.8441506277837796,1.9178149001878795,-2.9383167999405915,4.5795176087958955,0.6687363001962783,0.9279874291602496,1.0,False,False
receptionist,408,13,3.1862745098039214,2025-07-10,2026-09-24,441,270,376,5,True,,0.23356713073841529,-4.630509415541712,5.097643677018543,2.1849157058755475,-4.048867652777657,4.516001914254488,0.9148684432607982,0.98532845281587,1.0,False,False
recovering addict,419,31,7.398568019093078,2025-07-09,2026-09-24,442,279,389,4,True,,-5.988657466767034,-13.18464725955258,1.2073323260185127,3.2667678443242227,-12.391522441642511,0.41420750810844265,0.06677198500604437,0.6019753251802631,1.0,False,False
recovering alcoholic,409,32,7.823960880195599,2025-07-08,2026-09-25,444,267,364,4,True,,-1.8109008306396046,-9.441814980011278,5.820013318732069,3.402167070324797,-8.479148288476207,4.857346627196998,0.5945330301114812,0.9279874291602496,1.0,False,False
recovering gambling addict,419,7,1.6706443914081146,2025-07-08,2026-09-25,444,273,387,4,True,,-2.9466010886622525,-6.528150018503388,0.6349478411788834,1.7401384696271596,-6.357272489131486,0.4640703118069802,0.0903956866910987,0.6492986041868787,1.0,False,False
recovering workaholic,462,39,8.441558441558442,2025-07-08,2026-09-25,444,295,417,3,True,,1.1856273834226307,-6.042175524147062,8.413430290992324,3.860547957706605,-6.381046613682315,8.752301380527577,0.7587567875928793,0.9512905030820662,1.0,False,False
recycler,460,316,68.69565217391305,2025-07-09,2026-09-25,443,289,432,6,True,,-1.5178024503565186,-13.893203333454451,10.857598432741415,6.589625051868178,-14.433467552018147,11.397862651305111,0.8178336865881076,0.9644771130083132,1.0,False,False
redditor,427,214,50.11709601873536,2025-07-09,2026-09-25,443,278,391,5,True,,4.635965319664448,-8.525603231295579,17.797533870624477,6.453180343044972,-8.012268152703696,17.28419879203259,0.47251063321258346,0.9161039218216102,1.0,False,False
relaxed,421,331,78.62232779097387,2025-07-08,2026-09-25,444,287,394,5,True,,-0.122603492761858,-10.990639814904194,10.745432829380478,5.73860829044122,-11.370275742026648,11.125068756502932,0.9829547535520607,1.0,1.0,False,False
reliable,415,389,93.73493975903614,2025-07-08,2026-09-24,443,277,399,3,True,,0.959653341494592,-5.790898618006715,7.710205300995899,3.5890019146229775,-6.074790411166443,7.994097094155627,0.7891710175036449,0.9529612286836466,1.0,False,False
religious,434,131,30.184331797235025,2025-07-08,2026-09-24,443,285,399,4,True,,-5.583739821745076,-17.71742146892026,6.549941825430108,6.347469617577489,-18.024780272196953,6.857300628706802,0.3790328791076713,0.8785240741984486,1.0,False,False
renter,412,151,36.650485436893206,2025-07-08,2026-09-23,442,276,383,7,True,,-7.091133886205854,-20.206480107725522,6.0242123353138135,6.741375139432434,-20.304229159493424,6.1219613870817176,0.2928535059975253,0.8785240741984486,1.0,False,False
researcher,402,127,31.592039800995025,2025-07-08,2026-09-25,444,270,372,4,True,,9.943051895239176,-3.0162490320128708,22.902352822491224,6.655905226251016,-3.1025223482128155,22.988626138691167,0.13520980698996415,0.7644504377578265,1.0,False,False
reserved,441,322,73.01587301587301,2025-07-11,2026-09-24,440,290,414,4,True,,2.204129716925744,-9.914854174211598,14.323113608063085,5.9774748044964765,-9.51172089988735,13.919980333738838,0.7123220723344479,0.930379849579687,1.0,False,False
resilient,449,371,82.62806236080178,2025-07-08,2026-09-23,442,283,407,4,True,,-2.489990561962439,-13.042453732427422,8.062472608502546,5.258893841808045,-12.797422491906207,7.817441367981329,0.6358694772017169,0.9279874291602496,1.0,False,False
respected,398,308,77.38693467336684,2025-07-22,2026-09-25,430,262,366,4,True,,0.2566817456872644,-11.934723670193243,12.448087161567774,6.434217629212753,-12.354384807569732,12.867748298944262,0.9681782457677282,1.0,1.0,False,False
restaurant server,8700,200,2.2988505747126435,2025-07-08,2026-09-25,444,429,4844,48,True,,0.6221646216215188,-0.3233681930977431,1.5676974363407807,0.5563874471379224,-0.46835477476880916,1.7126840180118466,0.2634722382778977,0.8695847187291247,1.0,False,False
retail associate,442,24,5.429864253393665,2025-07-08,2026-09-25,444,283,403,4,True,,3.081244287876875,-2.932967835834643,9.095456411588394,3.4996314190723368,-3.7780332935049046,9.940521869258655,0.37861653883606344,0.8785240741984486,1.0,False,False
retired,1318,134,10.166919575113809,2025-07-08,2026-09-25,444,417,1097,10,True,,0.6180634024721375,-4.013953079098084,5.25007988404236,2.661469696015821,-4.598417201718871,5.834544006663147,0.8163622100469592,0.9644771130083132,1.0,False,False
retired early,452,30,6.637168141592921,2025-07-08,2026-09-25,444,286,426,4,True,,-0.049204552447829716,-6.623410815474604,6.5250017105789455,3.2249657639653746,-6.370137449819963,6.271728344924305,0.9878268383435649,1.0,1.0,False,False
rich,413,22,5.326876513317192,2025-07-08,2026-09-25,444,265,392,3,True,,2.8162361853924964,-3.480206735968163,9.112679106753156,3.2690832407344974,-3.5911669664471186,9.223639337232111,0.3889760296461206,0.8785240741984486,1.0,False,False
right-wing,407,93,22.85012285012285,2025-07-08,2026-09-25,444,262,372,5,True,,0.03507664609275731,-11.74787509382407,11.818028386009587,6.290694527277855,-12.294684627371838,12.364837919557354,0.9955510525562005,1.0,1.0,False,False
risk-averse,1212,677,55.85808580858086,2025-07-08,2026-09-25,444,416,1011,7,True,,1.7857538280651415,-6.317319202478673,9.888826858608956,4.138018301391704,-6.324762042662599,9.896269698792882,0.6660699052447484,0.9279874291602496,1.0,False,False
risk-seeking,421,96,22.802850356294538,2025-07-08,2026-09-24,443,276,391,3,True,,5.3788773728400034,-6.232160890661426,16.989915636341433,5.76658280810857,-5.923624931052794,16.681379676732803,0.3509403523651078,0.8785240741984486,1.0,False,False
risk-taking,432,131,30.324074074074076,2025-07-08,2026-09-25,444,267,404,3,True,,-0.9830232814454051,-13.579146551164115,11.613099988273305,6.218036085711757,-13.17037400944045,11.20432744654964,0.8743841117195494,0.973813927178263,1.0,False,False
romance fan,468,176,37.60683760683761,2025-07-09,2026-09-25,443,284,418,4,True,,16.9905678346535,4.820522457163845,29.160613212143154,6.346185587655201,4.5520440828493065,29.429091586457695,0.0074220760278102356,0.3483427682385604,1.0,False,False
roommate,422,63,14.928909952606634,2025-07-09,2026-09-25,443,272,398,4,True,,4.896615928210311,-4.906144397749976,14.699376254170598,5.066907720463569,-5.034523203898285,14.827755060318907,0.33384837737404505,0.8785240741984486,1.0,False,False
runner,435,63,14.482758620689657,2025-07-08,2026-09-25,444,277,407,3,True,,-7.263545092395103,-16.78015929256855,2.2530691077783436,5.0480426149208215,-17.157708617639912,2.6306184328497073,0.15018354066587203,0.7661537147012603,1.0,False,False
rural,411,88,21.41119221411192,2025-07-08,2026-09-25,444,261,371,4,True,,-3.831065104149963,-15.00033753771142,7.338207329411493,5.584401218913862,-14.776491493221133,7.114361284921206,0.4926943786128711,0.9178596839685437,1.0,False,False
sad,8967,2100,23.4192037470726,2025-07-08,2026-09-25,444,435,5011,42,True,,0.3167377468013155,-2.193110527164839,2.8265860207674702,1.6041763156613587,-2.827447831894947,3.4609233254975784,0.8434787547752377,0.9644771130083132,1.0,False,False
salesperson,420,41,9.761904761904763,2025-07-08,2026-09-25,444,275,393,4,True,,-3.1187855045881085,-11.46811601271613,5.230545003539913,4.82639977495941,-12.578529063508553,6.340958054332335,0.5181544052121585,0.9191823578671998,1.0,False,False
sarcastic,411,239,58.15085158150851,2025-07-10,2026-09-25,442,264,380,4,True,,1.0437425286089914,-12.692185906048675,14.779670963266657,7.187134862760812,-13.043041802402199,15.130526859620181,0.8845342311670803,0.9769697915737859,1.0,False,False
science fiction fan,416,243,58.41346153846154,2025-07-09,2026-09-25,443,281,388,4,True,,0.0951846073482035,-13.630054537160621,13.820423751857028,7.123359283428932,-13.866599588172502,14.056968802868909,0.9893387283146033,1.0,1.0,False,False
science nerd,8986,3179,35.37725350545293,2025-07-08,2026-09-25,444,435,5003,44,True,,0.7672626805978674,-2.0607622280928632,3.5952875892885983,1.8292868597657097,-2.8181395645429235,4.352664925738658,0.6748999484801815,0.9279874291602496,1.0,False,False
scientist,422,38,9.004739336492891,2025-07-08,2026-09-25,444,275,394,4,True,,-0.8398358082619874,-8.580407170223733,6.900735553699757,3.628930738718129,-7.95254005614952,6.272868439625546,0.8169823948737405,0.9644771130083132,1.0,False,False
seamstress,424,21,4.952830188679245,2025-07-08,2026-09-24,443,279,387,5,True,,7.39769839121777,1.4544509682199491,13.34094581421559,3.1052554167011333,1.3113977744835497,13.48399900795199,0.01720414637932274,0.4226495959539727,1.0,False,False
secular,366,105,28.688524590163933,2025-07-09,2026-09-22,440,254,345,4,True,,-5.438136961288542,-19.38423272566976,8.507958803092677,6.910534238169569,-18.982784068100898,8.106510145523812,0.4313202817487556,0.8930867010327175,1.0,False,False
security guard,424,7,1.650943396226415,2025-07-09,2026-09-25,443,282,397,4,True,,1.829101158030706,-1.7170323124985525,5.375234628559964,2.086445221176761,-2.2603314754757453,5.918533791537158,0.38067183643230557,0.8785240741984486,1.0,False,False
self-employed,451,134,29.711751662971174,2025-07-08,2026-09-25,444,273,413,7,True,,7.563310979887457,-4.44234724212239,19.568969201897303,6.486767892673962,-5.150754089753508,20.27737604952842,0.2436306751811269,0.8530168463822171,1.0,False,False
self-reliant,409,357,87.28606356968214,2025-07-09,2026-09-25,443,273,373,4,True,,-0.06452610678524508,-9.381746256794262,9.252694043223773,5.380363636779296,-10.610038834872665,10.480986621302176,0.9904312879735467,1.0,1.0,False,False
senior,1327,244,18.38733986435569,2025-07-08,2026-09-25,444,417,1114,10,True,,0.9185786038141053,-5.071969352425912,6.909126560054123,3.3986216581889077,-5.742719846236153,7.579877053864364,0.7869450448555186,0.9529612286836466,1.0,False,False
sensitive,462,304,65.80086580086581,2025-07-08,2026-09-25,444,300,424,4,True,,12.66760737867227,0.07087814158921368,25.264336615755326,6.467153984664285,-0.008014431269726785,25.343229188614266,0.050140812386341264,0.5603036812695913,1.0,False,False
she/her,431,235,54.524361948955914,2025-07-08,2026-09-25,444,273,405,5,True,,13.74332195792075,0.2890207504288025,27.1976231654127,6.887762022704469,0.24330839341999244,27.24333552242151,0.04600747345125022,0.545367194729236,1.0,False,False
shopaholic,402,78,19.402985074626866,2025-07-16,2026-09-25,436,249,364,4,True,,-3.0199110532084177,-14.278680941341422,8.238858834924587,6.377413775129925,-15.519642052463071,9.479819946046236,0.6358335027148989,0.9279874291602496,1.0,False,False
sibling,439,371,84.51025056947609,2025-07-09,2026-09-23,441,286,412,3,True,,1.3665841470464672,-8.323547703891842,11.056715997984776,5.049888271005677,-8.53119686412466,11.264365158217593,0.7866858429273027,0.9529612286836466,1.0,False,False
singer,449,66,14.699331848552339,2025-07-09,2026-09-25,443,271,425,4,True,,14.517592197047636,5.206561194197258,23.82862319989801,5.108958012172667,4.504034493189209,24.531149900906062,0.004488840265321353,0.26334529556551933,1.0,False,False
single,455,195,42.857142857142854,2025-07-08,2026-09-24,443,287,406,5,True,,-10.265514274941106,-23.29696089297566,2.76593234309345,6.68163283245746,-23.361514626557728,2.8304860766755144,0.12444567771274476,0.754247775638823,1.0,False,False
sister,425,200,47.05882352941176,2025-07-08,2026-09-24,443,280,394,5,True,,-4.972217483689925,-18.399887800956485,8.455452833576636,7.017845973266959,-18.727195591293164,8.782760623913315,0.478628300710789,0.9161039218216102,1.0,False,False
skater,405,21,5.185185185185185,2025-07-08,2026-09-24,443,271,381,4,True,,4.667937506035161,-1.6667031404735102,11.002578152543832,3.47695588987711,-2.146896038123975,11.482771050194296,0.17942235407864898,0.7688209418673357,1.0,False,False
skeptic,439,267,60.820045558086555,2025-07-08,2026-09-25,444,277,401,3,True,,6.198831106022526,-6.864916451382918,19.26257866342797,6.770730777326032,-7.071801217536498,19.469463429581552,0.3599116039648289,0.8785240741984486,1.0,False,False
smart,437,378,86.49885583524028,2025-07-10,2026-09-25,442,268,404,4,True,,-0.17511213611270326,-9.89514118738813,9.544916915162723,5.286426331213169,-10.536507745290516,10.186283473065108,0.9735750176100766,1.0,1.0,False,False
smoker,1321,216,16.35124905374716,2025-07-08,2026-09-25,444,422,1110,9,True,,-0.3013189413769892,-6.047234608857406,5.444596726103428,3.0911084677623135,-6.359891538191123,5.757253655437145,0.9223458102353101,0.98532845281587,1.0,False,False
sneakerhead,445,33,7.415730337078652,2025-07-08,2026-09-24,443,287,415,4,True,,-1.647616240147385,-8.585895464238762,5.290662983943991,3.3045864146876354,-8.12460561293515,4.82937313264038,0.6180719829468357,0.9279874291602496,1.0,False,False
soccer fan,467,96,20.556745182012847,2025-07-09,2026-09-25,443,293,426,3,True,,7.280301189539598,-3.3017249578242573,17.862327336903455,5.7265060130981755,-3.9436505961328265,18.504252975212022,0.20360988918024964,0.8188799545111919,1.0,False,False
social,1260,637,50.55555555555556,2025-07-09,2026-09-25,443,414,1060,6,True,,-2.6604689091054636,-10.700400430371545,5.379462612160617,4.300957685574422,-11.09034597283133,5.769408154620403,0.5361957612889177,0.9279874291602496,1.0,False,False
social conservative,432,111,25.694444444444443,2025-07-08,2026-09-25,444,267,405,3,True,,-13.765541242615198,-25.623104763597432,-1.907977721632962,5.9821388209276085,-25.49053333163331,-2.0405491535970857,0.021385586348245875,0.4226495959539727,1.0,False,False
social liberal,410,211,51.463414634146346,2025-07-08,2026-09-25,444,272,379,3,True,,2.320188139627881,-11.50092251275449,16.141298792010254,7.17284614940263,-11.738590313201273,16.378966592457036,0.7463406333599409,0.9489640426650964,1.0,False,False
social media addict,433,106,24.480369515011546,2025-07-09,2026-09-25,443,282,396,5,True,,6.567365675202523,-4.832260392254605,17.96699174265965,5.959836273626346,-5.1139134211051145,18.24864477151016,0.2704889469279972,0.8775309614622582,1.0,False,False
social worker,444,19,4.2792792792792795,2025-07-09,2026-09-25,443,294,410,4,True,,-1.923693906769624,-7.31894621691531,3.4715584033760623,2.658482005510144,-7.134318637569506,3.286930824030258,0.4693075697681604,0.9161039218216102,1.0,False,False
software developer,437,21,4.805491990846682,2025-07-09,2026-09-25,443,279,403,5,True,,-0.0779975457052838,-5.882186669911999,5.726191578501432,2.893291570271903,-5.748849023438213,5.592853932027646,0.9784931801846507,1.0,1.0,False,False
solitary,431,195,45.243619489559165,2025-07-08,2026-09-24,443,277,398,5,True,,2.8347378606757103,-11.107939989494978,16.777415710846398,7.080849078276091,-11.043726332745427,16.713202054096847,0.6889070731280263,0.930379849579687,1.0,False,False
son,448,192,42.857142857142854,2025-07-08,2026-09-25,444,284,411,5,True,,-7.82566336880236,-21.159736070359607,5.508409332754885,6.616984414034338,-20.79495282030966,5.143626082704943,0.23694268975558397,0.8530168463822171,1.0,False,False
songwriter,457,40,8.752735229759299,2025-07-09,2026-09-25,443,279,421,4,True,,4.519126302134981,-2.988265671241008,12.02651827551097,4.159472070190507,-3.633438955438412,12.671691559708375,0.27727273507743694,0.8785240741984486,1.0,False,False
sophomore,1310,18,1.3740458015267176,2025-07-08,2026-09-25,444,416,1109,8,True,,0.9406930815338105,-0.8960105778023858,2.7773967408700067,1.0893887546251977,-1.194508877531577,3.075895040599198,0.3878596470760431,0.8785240741984486,1.0,False,False
spiritual,1260,686,54.44444444444444,2025-07-08,2026-09-25,444,420,1047,10,True,,4.699863645465105,-3.2235496716406766,12.623276962570888,4.168241555914757,-3.469889804127818,12.869617095058029,0.2595137760067304,0.8620341775063027,1.0,False,False
spontaneous,416,174,41.82692307692308,2025-07-08,2026-09-25,444,280,387,5,True,,10.231622506071126,-3.8326086142073077,24.29585362634956,7.2075740603326475,-3.8952226521808626,24.358467664323115,0.15573425446002462,0.7688209418673357,1.0,False,False
sports card collector,432,28,6.481481481481481,2025-07-08,2026-09-25,444,278,401,4,True,,7.840822084969763,0.8364655183975716,14.845178651541953,3.2870709004117047,1.3981631201628222,14.283481049776704,0.017062773149362342,0.4226495959539727,1.0,False,False
spouse,443,175,39.503386004514674,2025-07-08,2026-09-24,443,274,415,4,True,,5.942885885448031,-7.235375091253087,19.12114686214915,6.6749584514093,-7.140032679314198,19.02580445021026,0.37329111935610276,0.8785240741984486,1.0,False,False
star wars fan,427,162,37.93911007025761,2025-07-09,2026-09-24,442,275,398,4,True,,-14.24105960096135,-27.155936323867188,-1.3261828780555138,6.676929260011731,-27.327840950584342,-1.1542782513383578,0.03293493121609819,0.4830456578361068,1.0,False,False
star wars nerd,413,85,20.581113801452787,2025-07-08,2026-09-22,441,263,377,4,True,,5.683589262286275,-5.193194231693732,16.560372756266283,5.256206074812904,-4.618574644347016,15.985753168919565,0.2795591499943941,0.8785240741984486,1.0,False,False
states' rights advocate,407,116,28.501228501228503,2025-07-08,2026-09-24,443,281,378,4,True,,-12.060144865604144,-24.57457240653943,0.45428267533114486,6.595680550055912,-24.98767874371373,0.8673890125054431,0.06747584195665399,0.6019753251802631,1.0,False,False
stay-at-home parent,1298,122,9.399075500770417,2025-07-08,2026-09-24,443,419,1082,8,True,,4.124039168285278,-0.5463129378491693,8.794391274419725,2.442369831261944,-0.6630057009881325,8.911084037558687,0.09130761621377981,0.6492986041868787,1.0,False,False
steampunk fan,432,61,14.120370370370368,2025-07-10,2026-09-22,439,279,406,3,True,,-0.834638539332358,-10.491393666311277,8.82211658764656,4.690411175665597,-10.027844443636928,8.358567364972211,0.8587656135337598,0.9674420129279254,1.0,False,False
step-parent,404,31,7.673267326732673,2025-07-08,2026-09-25,444,266,374,4,True,,0.5499555719603654,-6.8590294842819235,7.958940628202654,3.593611791722645,-6.493523539816019,7.593434683736749,0.8783690962474389,0.973813927178263,1.0,False,False
stockbroker,435,5,1.1494252873563218,2025-07-08,2026-09-25,444,276,388,4,True,,2.209545647694244,-0.7500067880686707,5.1690980834571585,1.1758500710733768,-0.09512049160957448,4.514211786998063,0.06023016918904782,0.6019753251802631,1.0,False,False
storyteller,414,157,37.92270531400966,2025-07-08,2026-09-24,443,263,383,4,True,,12.153861383012474,-1.0404401949258766,25.348162960950823,6.7342646210230575,-1.045297274192718,25.353020040217665,0.07110922498381786,0.6134457501727264,1.0,False,False
streamer,462,84,18.181818181818183,2025-07-08,2026-09-25,444,276,426,4,True,,3.551698157363282,-6.362282637047512,13.465678951774075,5.282431355608228,-6.801867299628846,13.905263614355409,0.5013542264700912,0.9178596839685437,1.0,False,False
stressed,1258,629,50.0,2025-07-08,2026-09-25,444,422,1057,8,True,,7.341042945232259,-0.6411793440518245,15.323265234516343,4.120384426791934,-0.7349105312799304,15.41699642174445,0.07480790816782709,0.6269615160732175,1.0,False,False
student,9102,1009,11.08547571962206,2025-07-08,2026-09-25,444,435,5035,44,True,,2.6229450705921526,0.7792236328816473,4.466666508302658,1.1127584336723177,0.44193854059441007,4.803951600589896,0.018415515349350136,0.4226495959539727,1.0,False,False
suburban,422,219,51.8957345971564,2025-07-09,2026-09-25,443,283,380,4,True,,-2.161320406748413,-15.911974703631046,11.58933389013422,7.265640009404989,-16.40197482518219,12.079334011685365,0.7661066081174099,0.9512905030820662,1.0,False,False
success,1292,781,60.44891640866873,2025-07-08,2026-09-24,443,411,1048,9,True,,-5.669708605184779,-13.259324639677045,1.9199074293074876,3.9121581621056016,-13.337538602911758,1.9981213925422008,0.14726682341895772,0.7661537147012603,1.0,False,False
supportive,425,392,92.23529411764706,2025-07-13,2026-09-25,439,276,387,4,True,,0.7978458188333004,-6.401316662630319,7.99700830029692,3.947810720197652,-6.939863192754097,8.535554830420697,0.8398398801049797,0.9644771130083132,1.0,False,False
surveyor,441,82,18.594104308390023,2025-07-08,2026-09-25,444,272,405,5,True,,4.055628714028833,-6.681654364213735,14.7929117922714,5.678434784716661,-7.074103464015822,15.185360892073488,0.4750936534099538,0.9161039218216102,1.0,False,False
swing voter,434,45,10.368663594470046,2025-07-08,2026-09-25,444,280,403,4,True,,2.44975997327175,-6.021457583781325,10.920977530324825,4.360105467762977,-6.096046743543685,10.995566690087184,0.5742127970897392,0.9279874291602496,1.0,False,False
tabletop gamer,403,72,17.866004962779154,2025-07-10,2026-09-25,442,265,371,3,True,,4.7985969663429575,-6.256774620944485,15.8539685536304,5.788677689917538,-6.5472113058954164,16.14440523858133,0.4071256040877532,0.8818966931623946,1.0,False,False
tailor,1312,23,1.753048780487805,2025-07-08,2026-09-25,444,413,1123,8,True,,-1.3185083268049649,-3.3659751131571953,0.7289584595472656,1.0801080666738925,-3.435520137485794,0.7985034838758645,0.22219247072368753,0.8508216316399684,1.0,False,False
talented,459,283,61.6557734204793,2025-07-09,2026-09-22,440,279,430,3,True,,1.9591620163493817,-10.873255779056484,14.791579811755247,6.513289820413229,-10.806886031660548,14.725210064359311,0.7635711720515868,0.9512905030820662,1.0,False,False
tax preparer,432,60,13.88888888888889,2025-07-11,2026-09-22,438,282,394,4,True,,1.7478256740708877,-7.667014982592323,11.162666330734098,4.739224801320951,-7.541054936518177,11.036706284659953,0.7122768727257968,0.930379849579687,1.0,False,False
teacher,437,66,15.102974828375288,2025-07-08,2026-09-25,444,273,416,3,True,,9.699501191741165,0.21451417634657055,19.184488207135757,4.8276990709684675,0.23721101264296784,19.16179137083936,0.04452277440919035,0.545367194729236,1.0,False,False
team player,430,322,74.88372093023256,2025-07-08,2026-09-22,441,281,406,3,True,,-10.098258915375903,-21.82187169361743,1.6253538628656266,6.283509351720613,-22.413937244748304,2.217419413996499,0.10803134998045519,0.7022668685805598,1.0,False,False
tech geek,415,143,34.4578313253012,2025-07-08,2026-09-25,444,265,388,3,True,,-0.9313648710660365,-14.398062467177116,12.535332725045045,7.063152716916435,-14.77514419622225,12.912414454090175,0.8950930618822328,0.9769697915737859,1.0,False,False
technophile,428,83,19.39252336448598,2025-07-08,2026-09-25,444,269,396,5,True,,-8.517859294501225,-19.222440417701197,2.1867218286987473,5.783201879970015,-19.852934979242455,2.817216390240004,0.14078820334718933,0.7644504377578265,1.0,False,False
therapist,457,20,4.3763676148796495,2025-07-08,2026-09-23,442,279,429,3,True,,-3.3632370982695114,-8.643052905138212,1.9165787085991903,2.5362701368197955,-8.33432656643631,1.6078523698972873,0.18482103589649204,0.7791258040187449,1.0,False,False
they/them,430,19,4.4186046511627906,2025-07-08,2026-09-25,444,291,404,3,True,,0.31037222518734897,-5.4484415521667025,6.0691860025414,2.922028817414425,-5.416804256944924,6.037548707319622,0.9154093441151616,0.98532845281587,1.0,False,False
thinker,412,383,92.96116504854369,2025-07-08,2026-09-25,444,265,380,5,True,,1.9710888667921787,-4.998294855717429,8.940472589301786,3.0326053362726264,-3.972817592302169,7.914995325886526,0.5157145020342044,0.9191823578671998,1.0,False,False
thrifty,1280,919,71.796875,2025-07-08,2026-09-25,444,418,1068,7,True,,-2.8046038975741356,-9.711872386854417,4.102664591706146,3.66447683658194,-9.986978497274738,4.377770702126465,0.44406371829625535,0.9015797309098351,1.0,False,False
thriller fan,479,226,47.18162839248434,2025-07-08,2026-09-24,443,296,436,4,True,,-1.0027251592651905,-13.375344081976108,11.369893763445726,6.44124240947835,-13.627560281842756,11.622109963312374,0.8762910706290854,0.973813927178263,1.0,False,False
tired,450,255,56.666666666666664,2025-07-09,2026-09-25,443,286,412,4,True,,11.359375057817577,-1.6599950738928797,24.378745189528033,6.664551639748247,-1.7031461560889873,24.42189627172414,0.0882976093808394,0.6492986041868787,1.0,False,False
tour guide,429,9,2.097902097902098,2025-07-08,2026-09-25,444,271,394,3,True,,-1.4109235189425484,-5.28711341193128,2.4652663740461827,1.6985988030036554,-4.740177172829712,1.918330134944616,0.40617722737561024,0.8818966931623946,1.0,False,False
trader,450,81,18.0,2025-07-09,2026-09-25,443,277,415,3,True,,-1.174481231460452,-11.196906804356377,8.847944341435472,5.5069590559776405,-11.968120981176627,9.619158518255722,0.8311146618253877,0.9644771130083132,1.0,False,False
traditional,445,209,46.96629213483146,2025-07-08,2026-09-25,444,282,414,7,True,,-6.462850048496092,-19.533282407243306,6.60758231025112,6.530456142741212,-19.262544088268868,6.336843991276682,0.32234641036716855,0.8785240741984486,1.0,False,False
trans,427,9,2.107728337236534,2025-07-10,2026-09-23,440,279,388,5,True,,-0.35640897685059164,-4.448292002765241,3.7354740490640577,2.6912787944011023,-5.631315413876752,4.918497460175569,0.8946433271405968,0.9769697915737859,1.0,False,False
translator,469,29,6.183368869936034,2025-07-08,2026-09-25,444,287,433,5,True,,-1.6958435440282928,-7.901567460150052,4.509880372093467,3.0736873056943836,-7.720270663189284,4.328583575132699,0.5811337881940492,0.9279874291602496,1.0,False,False
trauma survivor,450,184,40.88888888888889,2025-07-08,2026-09-25,444,282,417,4,True,,6.1964280871485835,-6.741512279437964,19.13436845373513,6.8762408489204505,-7.281003976735499,19.673860151032667,0.3675160207605342,0.8785240741984486,1.0,False,False
traveler,401,191,47.63092269326683,2025-07-09,2026-09-25,443,263,370,3,True,,3.0724855125151,-10.847458903241026,16.99242992827123,7.221041549482489,-11.08075592447058,17.22572694950078,0.670479051317706,0.9279874291602496,1.0,False,False
trivia buff,458,140,30.567685589519648,2025-07-08,2026-09-25,444,290,422,3,True,,4.732505571694742,-7.062208240578982,16.527219383968465,5.661973035063843,-6.36496157703039,15.829972720419875,0.4032447185748643,0.8818966931623946,1.0,False,False
troll,401,14,3.4912718204488775,2025-07-08,2026-09-25,444,256,369,4,True,,2.0377490281155812,-3.1688415286723486,7.244339584903511,2.580327570580757,-3.0196930102227024,7.095191066453864,0.42968842465127643,0.8930867010327175,1.0,False,False
truck driver,454,3,0.6607929515418502,2025-07-08,2026-09-25,444,290,435,3,True,,-0.2927091662557631,-2.458676641379878,1.8732583088683519,1.1360845873089294,-2.519434957381265,1.9340166248697386,0.7966790946018248,0.9571025300335916,1.0,False,False
trusting,8924,6064,67.95159121470192,2025-07-08,2026-09-25,444,435,4993,42,True,,3.2983450095329303,0.5296907973330609,6.0669992217328,1.811341847840546,-0.25188501223453974,6.848575031300401,0.0686159624007806,0.6038204691268694,1.0,False,False
tutor,388,41,10.56701030927835,2025-07-09,2026-09-22,440,257,359,5,True,,7.347850456351011,-1.7215506356435526,16.417251548345575,4.787568754136262,-2.0357843017560615,16.731485214458083,0.12483861188735856,0.754247775638823,1.0,False,False
tv junkie,1335,504,37.752808988764045,2025-07-08,2026-09-25,444,418,1109,8,True,,-1.8849692206249595,-9.326437478579361,5.556499037329443,3.950720681749018,-9.628381756853035,5.858443315603116,0.6332764269729498,0.9279874291602496,1.0,False,False
uncle,418,117,27.990430622009573,2025-07-09,2026-09-25,443,289,383,5,True,,3.410170388231398,-9.133118017848663,15.953458794311459,6.4814259967688015,-9.293424565435453,16.11376534189825,0.5987874102625377,0.9279874291602496,1.0,False,False
undecided voter,1192,147,12.332214765100671,2025-07-08,2026-09-25,444,413,1015,7,True,,2.71851832654185,-2.7395635207038067,8.176600173787506,2.8249394365287253,-2.8183629690544514,8.255399622138151,0.3358848667136751,0.8785240741984486,1.0,False,False
unemployed,1245,265,21.285140562248998,2025-07-08,2026-09-25,444,416,1046,7,True,,8.5132110485795,1.9708477549243666,15.055574342234632,3.4975609815834576,1.6579915246759231,15.368430572483076,0.014931253929775411,0.4129960606704389,1.0,False,False
union member,417,35,8.393285371702639,2025-07-08,2026-09-22,441,271,377,4,True,,0.4871342989954051,-7.3641949951020145,8.338463593092825,4.774124205666066,-8.870149144110083,9.844417742100894,0.9187278074534512,0.98532845281587,1.0,False,False
unorganized,440,111,25.227272727272727,2025-07-08,2026-09-25,444,270,408,3,True,,2.4909513225963953,-8.827828485913471,13.809731131106261,6.0687821429993845,-9.403861677682398,14.385764322875188,0.6814734946822583,0.930379849579687,1.0,False,False
urban,418,162,38.75598086124402,2025-07-09,2026-09-25,443,279,386,4,True,,2.517667624505093,-11.207088271945137,16.242423520955324,7.083260635058661,-11.365523220209882,16.40085846922007,0.7222606780961053,0.9346902893008421,1.0,False,False
urbane,386,63,16.321243523316063,2025-07-08,2026-09-25,444,267,353,4,True,,12.019707553407786,1.8726161509301935,22.166798955885376,5.448694304735189,1.3402667161268162,22.699148390688755,0.0273854400428589,0.4501567367699582,1.0,False,False
vegan,1341,46,3.43027591349739,2025-07-08,2026-09-25,444,412,1109,10,True,,-1.4910892748010032,-4.191725347934725,1.2095467983327193,1.410118886342071,-4.254922292031463,1.272743742429456,0.29031950714890814,0.8785240741984486,1.0,False,False
vegetarian,1258,93,7.392686804451511,2025-07-08,2026-09-25,444,413,1037,10,True,,1.3712851918957267,-2.809966616235259,5.552537000026712,2.3381168298584183,-3.2114237946267727,5.953994178418226,0.5575454025949838,0.9279874291602496,1.0,False,False
vet,412,9,2.1844660194174756,2025-07-08,2026-09-25,444,270,382,3,True,,0.28371261270659776,-3.798136441061712,4.365561666474908,2.4511620725235077,-4.520565049439477,5.087990274852673,0.907853716752111,0.9847904724090697,1.0,False,False
veteran,499,18,3.6072144288577155,2025-07-08,2026-09-25,444,304,451,4,True,,-0.8507172250840734,-5.478976724852139,3.7775422746839915,2.184513502326997,-5.132363689644987,3.43092923947684,0.6969573615203741,0.930379849579687,1.0,False,False
veterinarian,458,5,1.0917030567685588,2025-07-09,2026-09-24,442,270,422,5,True,,1.679476227757325,-0.8565893435527989,4.215541799067449,1.458751282476212,-1.1796762858960508,4.538628741410701,0.24960436129934194,0.8530168463822171,1.0,False,False
veterinarian technician,447,6,1.342281879194631,2025-07-08,2026-09-25,444,274,421,5,True,,-0.6708637884054016,-3.636889167174561,2.2951615903637577,1.3221583756120676,-3.262294204605054,1.9205666277942508,0.6118738521765064,0.9279874291602496,1.0,False,False
virtual reality user,447,81,18.120805369127517,2025-07-08,2026-09-25,444,294,413,4,True,,-4.415219274382246,-14.607663962064397,5.777225413299905,5.096595874866196,-14.404547189119992,5.574108640355498,0.3863215497681783,0.8785240741984486,1.0,False,False
visionary,422,161,38.15165876777251,2025-07-08,2026-09-25,444,268,387,4,True,,7.349830670386471,-5.707875216751473,20.407536557524416,6.737490812000638,-5.855651321134779,20.55531266190772,0.2753232918883748,0.8785240741984486,1.0,False,False
visual learner,423,339,80.1418439716312,2025-07-08,2026-09-25,444,278,398,4,True,,-3.1250534821328566,-14.362937245002648,8.112830280736937,5.843412768284152,-14.578142507969794,8.328035543704079,0.5927885969722587,0.9279874291602496,1.0,False,False
visually impaired,429,75,17.482517482517483,2025-07-11,2026-09-25,441,276,395,4,True,,2.6554212907823507,-7.5903135222297005,12.901156103794403,5.377024694383669,-7.8835471102096415,13.194389691774344,0.6214150547640321,0.9279874291602496,1.0,False,False
vlogger,457,8,1.75054704595186,2025-07-08,2026-09-25,444,282,418,4,True,,2.877197763039323,-0.583235118180375,6.337630644259021,1.776042681179712,-0.6038458920729126,6.358241418151559,0.10523123438169711,0.7022668685805598,1.0,False,False
volunteer,409,125,30.56234718826406,2025-07-08,2026-09-23,442,267,383,4,True,,-0.4987968641250377,-13.347247368694463,12.349653640444389,6.770618436003313,-13.76920899869153,12.771615270441457,0.9412723353311823,0.9938062231340629,1.0,False,False
voter,8541,6908,80.88045896265075,2025-07-08,2026-09-25,444,422,4798,44,True,,-3.850849792530305,-6.358090784781766,-1.3436088002788447,1.5692789058149688,-6.926636447927644,-0.7750631371329666,0.014131720391698088,0.4129960606704389,1.0,False,False
waiter,418,3,0.7177033492822966,2025-07-09,2026-09-25,443,265,383,4,True,,-1.167074705384148,-3.419522578705142,1.0853731679368464,0.9852998901095261,-3.0982624899988194,0.7641130792305233,0.23622042186752423,0.8530168463822171,1.0,False,False
warehouse associate,418,20,4.784688995215311,2025-07-08,2026-09-25,444,268,385,6,True,,3.213339087430811,-2.7016991040125515,9.128377278874174,2.395001020934494,-1.4808629136007965,7.907541088462418,0.1796978624378754,0.7688209418673357,1.0,False,False
wealthy,1237,103,8.326596604688763,2025-07-08,2026-09-25,444,415,1057,6,True,,1.1649716538945964,-3.298829568925165,5.6287728767143586,2.4389141207511953,-3.6153000227777463,5.94524333056694,0.63289223751676,0.9279874291602496,1.0,False,False
weather geek,423,85,20.094562647754138,2025-07-08,2026-09-25,444,270,389,4,True,,6.171234639603995,-4.696088129760149,17.03855740896814,5.70012693778127,-5.001014158447296,17.343483437655287,0.27896441187286203,0.8785240741984486,1.0,False,False
welder,445,7,1.5730337078651686,2025-07-09,2026-09-24,442,279,410,3,True,,2.5637389071550203,-0.7718104285067788,5.899288242816819,2.185713604562568,-1.7202597577876126,6.847737572097653,0.2408147314423309,0.8530168463822171,1.0,False,False
widow,425,16,3.7647058823529407,2025-07-08,2026-09-24,443,268,386,4,True,,-5.800251114334567,-11.043678812615262,-0.556823416053871,3.129109239994954,-11.933305224724677,0.3328029960555421,0.06379026630563615,0.6019753251802631,1.0,False,False
widowed,1323,48,3.6281179138321997,2025-07-08,2026-09-25,444,420,1080,9,True,,-1.3645679140727194,-4.303724085683582,1.5745882575381436,1.4135599406439379,-4.135145397734838,1.4060095695893988,0.33437384848541263,0.8785240741984486,1.0,False,False
widower,445,9,2.0224719101123596,2025-07-09,2026-09-24,442,288,408,3,True,,1.7260863768636294,-2.0761851177618054,5.528357871489065,2.233997519767391,-2.652548761880457,6.104721515607716,0.4397326736548621,0.8999180298052992,1.0,False,False
wife,382,95,24.86910994764398,2025-07-08,2026-09-25,444,257,358,4,True,,2.8883792354126916,-10.010423930702807,15.787182401528188,6.68868277434431,-10.221439002302155,15.998197473127536,0.6658643920735666,0.9279874291602496,1.0,False,False
wine lover,417,141,33.81294964028777,2025-07-10,2026-09-25,442,273,383,4,True,,-0.47628479571665394,-13.440275118808868,12.487705527375562,6.498586082458796,-13.213513517335892,12.260943925902586,0.9415749301568465,0.9938062231340629,1.0,False,False
wise,434,321,73.963133640553,2025-07-08,2026-09-22,441,276,403,4,True,,4.663833199426461,-7.6243109306772725,16.951977329530195,6.509998354477786,-8.095763575349999,17.42342997420292,0.47373772150014265,0.9161039218216102,1.0,False,False
witty,433,300,69.28406466512702,2025-07-08,2026-09-24,443,273,398,4,True,,11.496762694397205,-0.7213022731098047,23.714827661904216,6.284332847085795,-0.8205296858909534,23.814055074685363,0.06733484397705736,0.6019753251802631,1.0,False,False
woman,427,242,56.674473067915685,2025-07-08,2026-09-24,443,279,399,3,True,,8.961028723947525,-4.206544901449986,22.128602349345037,6.703289931684949,-4.177419542154974,22.09947699005002,0.18128448345167292,0.7688209418673357,1.0,False,False
woodworker,405,23,5.679012345679013,2025-07-08,2026-09-25,444,269,381,4,True,,1.942876366434729,-4.486324781026569,8.372077513896027,3.930210577781448,-5.760336366016909,9.646089098886367,0.6210631931802266,0.9279874291602496,1.0,False,False
workaholic,403,117,29.03225806451613,2025-07-09,2026-09-25,443,263,381,5,True,,-2.022650131777138,-14.700130974040647,10.654830710486369,6.510573504954858,-14.783374201488659,10.738073937934384,0.7560503077245371,0.9512905030820662,1.0,False,False
working parent,431,138,32.01856148491879,2025-07-08,2026-09-25,444,273,402,3,True,,-5.507651742970657,-18.231225604719597,7.215922118778284,6.825085418565269,-18.884819163358586,7.8695156774172705,0.4196827068675673,0.8839834484332575,1.0,False,False
writer,433,129,29.79214780600462,2025-07-10,2026-09-25,442,275,403,4,True,,6.313917022839935,-6.230777043123644,18.858611088803514,6.564146677446386,-6.551810464954982,19.17964451063485,0.33611022155822445,0.8785240741984486,1.0,False,False
young,1223,357,29.19051512673753,2025-07-08,2026-09-25,444,415,1029,7,True,,10.611057622782079,3.445714157456477,17.776401088107683,3.7155369407144687,3.3286052189817203,17.893510026582437,0.00429202780675534,0.26334529556551933,1.0,False,False
youtuber,459,65,14.161220043572984,2025-07-08,2026-09-25,444,291,425,4,True,,-2.210092085234452,-11.204894341765016,6.784710171296112,4.893219329408734,-11.80080197087557,7.380617800406666,0.6515108989438718,0.9279874291602496,1.0,False,False
🌶️,346,61,17.63005780346821,2025-08-02,2026-09-25,419,240,327,4,True,,5.54495311836218,-7.0347998681820165,18.124706104906377,6.2414058872900995,-6.688202420726414,17.778108657450773,0.37431803288187626,0.8785240741984486,1.0,False,False
👑,373,70,18.766756032171582,2025-07-29,2026-09-25,423,243,347,5,True,,10.090846991218406,-1.489861123925067,21.67155510636188,5.904204087438892,-1.4813930201618213,21.663087002598633,0.08743331263612142,0.6492986041868787,1.0,False,False
💔,375,74,19.733333333333334,2025-07-29,2026-09-24,422,259,352,4,True,,2.110130330552501,-10.175513908862575,14.395774569967577,6.444574619319286,-10.521235923313299,14.7414965844183,0.7433446431642523,0.9489640426650964,1.0,False,False
😍,1161,553,47.631352282515074,2025-07-29,2026-09-25,423,399,992,7,True,,6.792701643518536,-1.8110481137023635,15.396451400739437,4.598290530855051,-2.2199477969573627,15.805351083994434,0.13961580569858603,0.7644504377578265,1.0,False,False
🙏,365,159,43.56164383561644,2025-08-01,2026-09-25,420,244,340,4,True,,6.0123841398022595,-9.317106761455497,21.341875041060014,8.006535676879466,-9.680425786881493,21.705194066486012,0.45269205552596503,0.9126511272866045,1.0,False,False
🤒,405,48,11.851851851851853,2025-07-29,2026-09-25,423,260,383,4,True,,1.8123419269865462,-7.671939459356862,11.296623313329954,4.908675257837358,-7.808661578374675,11.433345432347767,0.7119696942208846,0.930379849579687,1.0,False,False
🥵,358,43,12.011173184357542,2025-07-29,2026-09-25,423,247,338,3,True,,10.987577462898575,0.7725376161889557,21.202617309608193,5.468980277512267,0.2683761189745315,21.70677880682262,0.04452945363223264,0.545367194729236,1.0,False,False
🥶,365,55,15.068493150684931,2025-07-31,2026-09-25,421,246,335,5,True,,-6.606523881011669,-17.585067529920764,4.372019767897426,4.773279888192124,-15.962152461868232,2.749104699844893,0.1663389213422974,0.7688209418673357,1.0,False,False
🫠,999,426,42.64264264264264,2025-07-18,2026-09-25,434,395,843,7,True,,2.856033456388457,-6.249963926781144,11.962030839558057,4.73588603838017,-6.426303178836677,12.138370091613591,0.546467367327146,0.9279874291602496,1.0,False,False
