id,source_unique_tokens,source_word_count,source_line_count,mean_neighbor_cosine_similarity,add_count_observed,add_count_marginal_crps,add_count_neighborhood_crps,add_count_marginal_minus_neighborhood_crps,add_count_marginal_lower_80,add_count_marginal_upper_80,add_count_marginal_covered_80,add_count_marginal_width_80,add_count_marginal_interval_score_80,add_count_neighborhood_lower_80,add_count_neighborhood_upper_80,add_count_neighborhood_covered_80,add_count_neighborhood_width_80,add_count_neighborhood_interval_score_80,add_count_marginal_minus_neighborhood_interval_score_80,delete_count_observed,delete_count_marginal_crps,delete_count_neighborhood_crps,delete_count_marginal_minus_neighborhood_crps,delete_count_marginal_lower_80,delete_count_marginal_upper_80,delete_count_marginal_covered_80,delete_count_marginal_width_80,delete_count_marginal_interval_score_80,delete_count_neighborhood_lower_80,delete_count_neighborhood_upper_80,delete_count_neighborhood_covered_80,delete_count_neighborhood_width_80,delete_count_neighborhood_interval_score_80,delete_count_marginal_minus_neighborhood_interval_score_80,word_count_observed,word_count_marginal_crps,word_count_neighborhood_crps,word_count_marginal_minus_neighborhood_crps,word_count_marginal_lower_80,word_count_marginal_upper_80,word_count_marginal_covered_80,word_count_marginal_width_80,word_count_marginal_interval_score_80,word_count_neighborhood_lower_80,word_count_neighborhood_upper_80,word_count_neighborhood_covered_80,word_count_neighborhood_width_80,word_count_neighborhood_interval_score_80,word_count_marginal_minus_neighborhood_interval_score_80,line_count_observed,line_count_marginal_crps,line_count_neighborhood_crps,line_count_marginal_minus_neighborhood_crps,line_count_marginal_lower_80,line_count_marginal_upper_80,line_count_marginal_covered_80,line_count_marginal_width_80,line_count_marginal_interval_score_80,line_count_neighborhood_lower_80,line_count_neighborhood_upper_80,line_count_neighborhood_covered_80,line_count_neighborhood_width_80,line_count_neighborhood_interval_score_80,line_count_marginal_minus_neighborhood_interval_score_80,source_similarity_observed,source_similarity_marginal_crps,source_similarity_neighborhood_crps,source_similarity_marginal_minus_neighborhood_crps,source_similarity_marginal_lower_80,source_similarity_marginal_upper_80,source_similarity_marginal_covered_80,source_similarity_marginal_width_80,source_similarity_marginal_interval_score_80,source_similarity_neighborhood_lower_80,source_similarity_neighborhood_upper_80,source_similarity_neighborhood_covered_80,source_similarity_neighborhood_width_80,source_similarity_neighborhood_interval_score_80,source_similarity_marginal_minus_neighborhood_interval_score_80
train_0001,57,92,21,0.188328,17.000000,10.233458,10.688338,-0.454880,13.000000,81.000000,1,68.000000,68.000000,11.000000,83.000000,1,72.000000,72.000000,-4.000000,51.000000,4.769315,4.510232,0.259083,33.891892,52.615385,1,18.723493,18.723493,33.250000,54.196721,1,20.946721,20.946721,-2.223229,62.000000,19.378722,16.096579,3.282143,0.000000,173.000000,1,173.000000,173.000000,0.000000,168.000000,1,168.000000,168.000000,5.000000,16.000000,4.017026,4.168624,-0.151598,2.000000,40.000000,1,38.000000,38.000000,11.000000,40.000000,1,29.000000,29.000000,9.000000,0.233766,0.042370,0.039913,0.002457,0.041667,0.391489,1,0.349823,0.349823,0.033333,0.377358,1,0.344025,0.344025,0.005798
train_0002,44,101,1,0.199073,21.000000,7.868700,7.074499,0.794200,13.000000,81.000000,1,68.000000,68.000000,12.000000,68.000000,1,56.000000,56.000000,12.000000,30.000000,2.108790,1.353910,0.754880,26.162162,40.615385,1,14.453222,14.453222,25.473684,39.111111,1,13.637427,13.637427,0.815796,58.000000,25.363587,24.956223,0.407365,8.000000,182.000000,1,174.000000,174.000000,33.000000,159.000000,1,126.000000,126.000000,48.000000,21.000000,14.378677,13.744089,0.634588,1.000000,20.000000,0,19.000000,29.000000,1.000000,20.000000,0,19.000000,29.000000,0.000000,0.264151,0.053792,0.040927,0.012866,0.041667,0.391489,1,0.349823,0.349823,0.078431,0.469274,1,0.390842,0.390842,-0.041020
train_0003,32,33,2,0.100038,18.000000,9.557813,8.759493,0.798320,13.000000,81.000000,1,68.000000,68.000000,16.000000,80.000000,1,64.000000,64.000000,4.000000,27.000000,1.718248,1.502879,0.215370,19.027027,29.538462,1,10.511435,10.511435,18.666667,30.638298,1,11.971631,11.971631,-1.460197,37.000000,12.142471,12.555684,-0.413213,0.000000,114.000000,1,114.000000,114.000000,0.000000,121.000000,1,121.000000,121.000000,-7.000000,1.000000,1.086483,1.111260,-0.024777,1.000000,21.000000,1,20.000000,20.000000,1.000000,21.000000,1,20.000000,20.000000,0.000000,0.114286,0.044042,0.031302,0.012740,0.041667,0.391489,1,0.349823,0.349823,0.032967,0.353791,1,0.320824,0.320824,0.028999
train_0004,33,46,1,0.167982,27.000000,6.098509,5.744882,0.353627,13.000000,81.000000,1,68.000000,68.000000,11.000000,81.000000,1,70.000000,70.000000,-2.000000,25.000000,1.066031,1.079648,-0.013617,19.621622,30.461538,1,10.839917,10.839917,19.250000,30.461538,1,11.211538,11.211538,-0.371622,89.000000,26.906806,29.290923,-2.384117,0.000000,127.000000,1,127.000000,127.000000,0.000000,132.000000,1,132.000000,132.000000,-5.000000,20.000000,13.432773,12.975789,0.456984,1.000000,20.000000,1,19.000000,19.000000,1.000000,20.000000,1,19.000000,19.000000,0.000000,0.133333,0.037797,0.046289,-0.008493,0.041667,0.391489,1,0.349823,0.349823,0.041667,0.391489,1,0.349823,0.349823,0.000000
train_0005,27,28,1,0.142999,33.000000,6.017432,5.544888,0.472544,13.000000,81.000000,1,68.000000,68.000000,13.000000,78.000000,1,65.000000,65.000000,3.000000,21.000000,0.906432,0.821330,0.085102,16.054054,24.923077,1,8.869023,8.869023,16.100917,24.468750,1,8.367833,8.367833,0.501190,114.000000,56.108103,53.753859,2.354244,0.000000,104.000000,0,104.000000,204.000000,0.000000,116.000000,1,116.000000,116.000000,88.000000,20.000000,13.432773,13.906769,-0.473995,1.000000,20.000000,1,19.000000,19.000000,1.000000,20.000000,1,19.000000,19.000000,0.000000,0.084507,0.056921,0.047319,0.009602,0.041667,0.391489,1,0.349823,0.349823,0.044444,0.377358,1,0.332914,0.332914,0.016909
train_0006,56,132,1,0.148130,43.000000,8.044367,8.671530,-0.627163,13.000000,81.000000,1,68.000000,68.000000,14.000000,82.000000,1,68.000000,68.000000,0.000000,46.000000,2.479465,3.057207,-0.577742,33.297297,51.692308,1,18.395010,18.395010,32.421053,51.636364,1,19.215311,19.215311,-0.820301,112.000000,16.665961,19.064507,-2.398546,39.000000,213.000000,1,174.000000,174.000000,39.000000,208.000000,1,169.000000,169.000000,5.000000,1.000000,0.541462,0.622867,-0.081405,1.000000,20.000000,1,19.000000,19.000000,1.000000,20.000000,1,19.000000,19.000000,0.000000,0.418033,0.159605,0.117205,0.042400,0.041667,0.377358,0,0.335692,0.742435,0.061538,0.494624,1,0.433085,0.433085,0.309350
train_0007,84,152,1,0.199201,55.000000,13.165758,11.643230,1.522528,13.000000,81.000000,1,68.000000,68.000000,15.000000,71.000000,1,56.000000,56.000000,12.000000,60.000000,3.159215,3.249309,-0.090094,49.945946,77.538462,1,27.592516,27.592516,51.000000,78.070588,1,27.070588,27.070588,0.521927,142.000000,15.103869,15.722895,-0.619026,59.000000,233.000000,1,174.000000,174.000000,13.000000,226.000000,1,213.000000,213.000000,-39.000000,1.000000,0.541462,0.640466,-0.099004,1.000000,20.000000,1,19.000000,19.000000,1.000000,20.000000,1,19.000000,19.000000,0.000000,0.265306,0.054323,0.048933,0.005390,0.041667,0.391489,1,0.349823,0.349823,0.037736,0.368000,1,0.330264,0.330264,0.019559
train_0008,31,53,1,0.166900,22.000000,7.436287,5.536224,1.900062,13.000000,81.000000,1,68.000000,68.000000,14.000000,72.000000,1,58.000000,58.000000,10.000000,24.000000,1.028012,1.166513,-0.138501,18.432432,28.615385,1,10.182952,10.182952,17.714286,28.304348,1,10.590062,10.590062,-0.407110,30.000000,16.238187,16.472592,-0.234404,0.000000,134.000000,1,134.000000,134.000000,0.000000,127.000000,1,127.000000,127.000000,7.000000,21.000000,14.378677,14.146738,0.231939,1.000000,20.000000,0,19.000000,29.000000,1.000000,20.000000,0,19.000000,29.000000,0.000000,0.072289,0.064058,0.096104,-0.032046,0.041667,0.391489,1,0.349823,0.349823,0.060976,0.494624,1,0.433648,0.433648,-0.083825
train_0009,201,378,21,0.227338,24.000000,6.747129,8.226298,-1.479169,13.000000,81.000000,1,68.000000,68.000000,13.000000,94.000000,1,81.000000,81.000000,-13.000000,161.000000,7.651789,5.645453,2.006337,119.513514,185.538462,1,66.024948,66.024948,122.833333,186.845070,1,64.011737,64.011737,2.013211,118.000000,215.649836,181.209034,34.440802,285.000000,459.000000,0,174.000000,1844.000000,239.000000,450.000000,0,211.000000,1421.000000,423.000000,22.000000,1.598216,1.845627,-0.247411,2.000000,40.000000,1,38.000000,38.000000,2.000000,38.000000,1,36.000000,36.000000,2.000000,0.237903,0.043530,0.043111,0.000419,0.041667,0.391489,1,0.349823,0.349823,0.044444,0.358209,1,0.313765,0.313765,0.036058
train_0010,26,75,20,0.180998,15.000000,11.692852,8.724252,2.968600,13.000000,81.000000,1,68.000000,68.000000,12.000000,80.000000,1,68.000000,68.000000,0.000000,18.000000,1.145902,0.842418,0.303484,15.459459,24.000000,1,8.540541,8.540541,14.772727,23.400000,1,8.627273,8.627273,-0.086732,23.000000,30.057520,32.956244,-2.898724,0.000000,156.000000,1,156.000000,156.000000,12.000000,156.000000,1,144.000000,144.000000,12.000000,1.000000,14.300347,14.971836,-0.671489,1.000000,39.000000,1,38.000000,38.000000,3.000000,39.000000,0,36.000000,56.000000,-18.000000,0.081633,0.058397,0.080595,-0.022198,0.041667,0.391489,1,0.349823,0.349823,0.061538,0.469274,1,0.407735,0.407735,-0.057913
train_0011,20,20,1,0.097192,43.000000,8.044367,9.085402,-1.041034,13.000000,81.000000,1,68.000000,68.000000,12.000000,72.000000,1,60.000000,60.000000,8.000000,17.000000,1.134713,1.058162,0.076551,11.891892,18.461538,1,6.569647,6.569647,11.666667,18.461538,1,6.794872,6.794872,-0.225225,56.000000,20.603892,18.997698,1.606194,0.000000,101.000000,1,101.000000,101.000000,0.000000,94.000000,1,94.000000,94.000000,7.000000,1.000000,0.541462,0.382238,0.159224,1.000000,20.000000,1,19.000000,19.000000,1.000000,19.000000,1,18.000000,18.000000,1.000000,0.078947,0.059861,0.060041,-0.000180,0.041667,0.391489,1,0.349823,0.349823,0.037736,0.438596,1,0.400861,0.400861,-0.051038
train_0012,45,58,1,0.116370,26.000000,6.233638,5.536462,0.697176,13.000000,81.000000,1,68.000000,68.000000,13.000000,72.000000,1,59.000000,59.000000,9.000000,34.000000,1.453181,1.666050,-0.212869,26.756757,41.538462,1,14.781705,14.781705,25.714286,41.538462,1,15.824176,15.824176,-1.042471,65.000000,13.814468,14.469952,-0.655484,0.000000,139.000000,1,139.000000,139.000000,0.000000,132.000000,1,132.000000,132.000000,7.000000,11.000000,6.851989,7.261481,-0.409492,1.000000,20.000000,1,19.000000,19.000000,1.000000,20.000000,1,19.000000,19.000000,0.000000,0.162602,0.032910,0.035394,-0.002484,0.041667,0.391489,1,0.349823,0.349823,0.027211,0.358209,1,0.330998,0.330998,0.018825
train_0013,45,92,20,0.186233,26.000000,6.233638,5.012448,1.221191,13.000000,81.000000,1,68.000000,68.000000,12.000000,68.000000,1,56.000000,56.000000,12.000000,35.000000,1.510720,1.851355,-0.340635,26.756757,41.538462,1,14.781705,14.781705,26.052632,40.781250,1,14.728618,14.728618,0.053086,68.000000,17.419350,14.768838,2.650513,0.000000,173.000000,1,173.000000,173.000000,29.000000,164.000000,1,135.000000,135.000000,38.000000,20.000000,1.030674,1.175327,-0.144653,1.000000,39.000000,1,38.000000,38.000000,1.000000,39.000000,1,38.000000,38.000000,0.000000,0.125000,0.040152,0.069886,-0.029734,0.041667,0.391489,1,0.349823,0.349823,0.061538,0.494624,1,0.433085,0.433085,-0.083262
train_0014,28,79,19,0.175561,22.000000,7.436287,6.908283,0.528004,13.000000,81.000000,1,68.000000,68.000000,13.000000,80.000000,1,67.000000,67.000000,1.000000,17.000000,2.582457,2.258439,0.324018,16.648649,25.846154,1,9.197505,9.197505,16.210526,26.023529,1,9.813003,9.813003,-0.615498,101.000000,18.203234,18.215373,-0.012139,0.000000,160.000000,1,160.000000,160.000000,0.000000,154.000000,1,154.000000,154.000000,6.000000,1.000000,13.515517,13.089995,0.425522,1.000000,38.000000,1,37.000000,37.000000,1.000000,38.000000,1,37.000000,37.000000,0.000000,0.544444,0.276141,0.208456,0.067685,0.041667,0.377358,0,0.335692,2.006551,0.052632,0.469274,0,0.416642,1.168349,0.838202
train_0015,22,60,1,0.146209,81.000000,30.935228,32.141130,-1.205902,13.000000,80.000000,0,67.000000,77.000000,12.000000,80.000000,0,68.000000,78.000000,-1.000000,18.000000,0.948980,1.156852,-0.207872,13.081081,20.307692,1,7.226611,7.226611,12.571429,19.937500,1,7.366071,7.366071,-0.139460,135.000000,49.097248,44.073503,5.023745,0.000000,141.000000,1,141.000000,141.000000,0.000000,136.000000,1,136.000000,136.000000,5.000000,20.000000,13.432773,15.161343,-1.728570,1.000000,20.000000,1,19.000000,19.000000,1.000000,10.000000,0,9.000000,109.000000,-90.000000,0.266667,0.054967,0.050533,0.004434,0.041667,0.391489,1,0.349823,0.349823,0.046154,0.494624,1,0.448470,0.448470,-0.098647
train_0016,18,18,1,0.126340,32.000000,5.963380,6.730527,-0.767147,13.000000,81.000000,1,68.000000,68.000000,14.000000,81.000000,1,67.000000,67.000000,1.000000,15.000000,0.878313,1.255895,-0.377582,10.702703,16.615385,1,5.912682,5.912682,10.702703,16.312500,1,5.609797,5.609797,0.302885,51.000000,18.857799,14.628255,4.229544,0.000000,99.000000,1,99.000000,99.000000,0.000000,104.000000,1,104.000000,104.000000,-5.000000,20.000000,13.432773,13.199257,0.233516,1.000000,20.000000,1,19.000000,19.000000,1.000000,20.000000,1,19.000000,19.000000,0.000000,0.086957,0.055726,0.073078,-0.017352,0.041667,0.391489,1,0.349823,0.349823,0.062500,0.469274,1,0.406774,0.406774,-0.056951
train_0017,47,68,1,0.155584,20.000000,8.395703,9.136206,-0.740503,13.000000,81.000000,1,68.000000,68.000000,17.000000,81.000000,1,64.000000,64.000000,4.000000,45.000000,6.310772,5.817974,0.492798,27.945946,43.337662,0,15.391716,32.015093,29.616438,43.682353,0,14.065915,27.242385,4.772708,22.000000,26.430206,18.007656,8.422550,0.000000,149.000000,1,149.000000,149.000000,0.000000,140.000000,1,140.000000,140.000000,9.000000,18.000000,11.919328,13.212907,-1.293579,1.000000,20.000000,1,19.000000,19.000000,1.000000,19.000000,1,18.000000,18.000000,1.000000,0.044444,0.084838,0.085906,-0.001069,0.041667,0.391489,1,0.349823,0.349823,0.041667,0.368000,1,0.326333,0.326333,0.023489
train_0018,69,106,1,0.175403,119.000000,66.352552,64.989654,1.362898,13.000000,80.000000,0,67.000000,457.000000,11.000000,83.000000,0,72.000000,432.000000,25.000000,35.000000,12.505004,14.293331,-1.788327,41.146789,63.692308,0,22.545519,84.013409,42.780000,66.063830,0,23.283830,101.083830,-17.070421,271.000000,133.178325,156.363741,-23.185416,13.000000,182.000000,0,169.000000,1059.000000,0.000000,161.000000,0,161.000000,1261.000000,-202.000000,1.000000,0.541462,0.405877,0.135586,1.000000,20.000000,1,19.000000,19.000000,1.000000,20.000000,1,19.000000,19.000000,0.000000,0.185676,0.032634,0.028356,0.004278,0.041667,0.391489,1,0.349823,0.349823,0.025000,0.351220,1,0.326220,0.326220,0.023603
train_0019,35,61,1,0.186716,11.000000,14.976488,14.646628,0.329860,14.000000,81.000000,0,67.000000,97.000000,15.000000,80.000000,0,65.000000,105.000000,-8.000000,32.000000,3.426111,4.007460,-0.581349,20.810811,32.307692,1,11.496881,11.496881,20.263158,31.956522,0,11.693364,12.128146,-0.631265,15.000000,26.239223,27.002149,-0.762926,0.000000,142.000000,1,142.000000,142.000000,0.000000,137.000000,1,137.000000,137.000000,5.000000,11.000000,6.851989,6.936181,-0.084193,1.000000,20.000000,1,19.000000,19.000000,1.000000,20.000000,1,19.000000,19.000000,0.000000,0.052632,0.078403,0.099908,-0.021505,0.041667,0.391489,1,0.349823,0.349823,0.046154,0.438596,1,0.392443,0.392443,-0.042620
train_0020,78,100,20,0.139456,49.000000,10.273997,9.526454,0.747543,13.000000,81.000000,1,68.000000,68.000000,18.000000,102.000000,1,84.000000,84.000000,-16.000000,67.000000,4.781158,4.932654,-0.151496,46.378378,72.000000,1,25.621622,25.621622,48.360000,72.000000,1,23.640000,23.640000,1.981622,77.000000,17.194180,17.483841,-0.289660,7.000000,181.000000,1,174.000000,174.000000,0.000000,193.000000,1,193.000000,193.000000,-19.000000,20.000000,1.030674,1.120595,-0.089920,1.000000,39.000000,1,38.000000,38.000000,1.000000,39.000000,1,38.000000,38.000000,0.000000,0.124294,0.040372,0.041648,-0.001276,0.041667,0.391489,1,0.349823,0.349823,0.052288,0.358209,1,0.305921,0.305921,0.043901
train_0021,38,70,1,0.192063,33.000000,6.017432,6.236357,-0.218925,13.000000,81.000000,1,68.000000,68.000000,12.000000,68.000000,1,56.000000,56.000000,12.000000,22.000000,4.370849,4.450211,-0.079362,22.660550,35.076923,0,12.416373,19.021877,23.644444,34.647059,0,11.002614,27.447059,-8.425182,66.000000,13.904869,11.937416,1.967454,0.000000,151.000000,1,151.000000,151.000000,0.000000,127.000000,1,127.000000,127.000000,24.000000,1.000000,0.541462,0.905505,-0.364043,1.000000,20.000000,1,19.000000,19.000000,1.000000,20.000000,1,19.000000,19.000000,0.000000,0.176471,0.032515,0.039144,-0.006629,0.041667,0.391489,1,0.349823,0.349823,0.052632,0.438596,1,0.385965,0.385965,-0.036142
train_0022,73,146,20,0.188180,53.000000,12.138778,11.356195,0.782583,13.000000,81.000000,1,68.000000,68.000000,11.000000,80.000000,1,69.000000,69.000000,-1.000000,46.000000,5.523333,6.773932,-1.250599,43.405405,67.384615,1,23.979210,23.979210,46.233333,69.630769,0,23.397436,25.730769,-1.751559,167.000000,18.296113,28.115742,-9.819629,53.000000,227.000000,1,174.000000,174.000000,0.000000,203.000000,1,203.000000,203.000000,-29.000000,1.000000,14.300347,13.252609,1.047738,1.000000,39.000000,1,38.000000,38.000000,1.000000,39.000000,1,38.000000,38.000000,0.000000,0.408946,0.151791,0.138467,0.013325,0.041667,0.377358,0,0.335692,0.651564,0.037736,0.375000,0,0.337264,0.676721,-0.025157
train_0023,150,318,20,0.231662,106.000000,53.690960,50.874807,2.816153,13.000000,80.000000,0,67.000000,327.000000,15.000000,85.000000,0,70.000000,280.000000,47.000000,104.000000,6.561081,8.730202,-2.169121,89.189189,138.461538,1,49.272349,49.272349,93.333333,139.436620,1,46.103286,46.103286,3.169063,265.000000,31.290572,21.469392,9.821180,225.000000,399.000000,1,174.000000,174.000000,171.000000,390.000000,1,219.000000,219.000000,-45.000000,1.000000,14.300347,13.328002,0.972344,1.000000,39.000000,1,38.000000,38.000000,1.000000,37.000000,1,36.000000,36.000000,2.000000,0.171527,0.032582,0.033394,-0.000812,0.041667,0.391489,1,0.349823,0.349823,0.046154,0.368000,1,0.321846,0.321846,0.027977
train_0024,30,87,19,0.177318,15.000000,11.692852,8.741541,2.951311,13.000000,81.000000,1,68.000000,68.000000,14.000000,80.000000,1,66.000000,66.000000,2.000000,23.000000,0.978093,1.140943,-0.162849,17.837838,27.692308,1,9.854470,9.854470,17.142857,27.142857,1,10.000000,10.000000,-0.145530,23.000000,37.922211,42.189900,-4.267689,0.000000,168.000000,1,168.000000,168.000000,24.000000,163.000000,0,139.000000,149.000000,19.000000,2.000000,12.758795,13.279004,-0.520209,1.000000,38.000000,1,37.000000,37.000000,1.000000,38.000000,1,37.000000,37.000000,0.000000,0.145455,0.034979,0.054441,-0.019462,0.041667,0.391489,1,0.349823,0.349823,0.061538,0.469274,1,0.407735,0.407735,-0.057913
train_0025,36,62,20,0.115185,70.000000,22.516688,21.294916,1.221773,13.000000,81.000000,1,68.000000,68.000000,13.000000,76.000000,1,63.000000,63.000000,5.000000,22.000000,3.212199,2.778097,0.434101,21.405405,33.230769,1,11.825364,11.825364,20.842105,32.625000,1,11.782895,11.782895,0.042469,132.000000,45.473898,41.597807,3.876090,0.000000,143.000000,1,143.000000,143.000000,0.000000,150.000000,1,150.000000,150.000000,-7.000000,19.000000,1.503626,1.505544,-0.001919,1.000000,39.000000,1,38.000000,38.000000,1.000000,39.000000,1,38.000000,38.000000,0.000000,0.164948,0.032783,0.032455,0.000328,0.041667,0.391489,1,0.349823,0.349823,0.052288,0.440678,1,0.388390,0.388390,-0.038568
train_0026,19,20,1,0.108161,26.000000,6.233638,5.287552,0.946086,13.000000,81.000000,1,68.000000,68.000000,12.000000,70.000000,1,58.000000,58.000000,10.000000,15.000000,0.674941,0.726196,-0.051255,11.297297,17.538462,1,6.241164,6.241164,10.857143,17.519481,1,6.662338,6.662338,-0.421173,31.000000,11.550245,12.176008,-0.625762,0.000000,101.000000,1,101.000000,101.000000,0.000000,106.000000,1,106.000000,106.000000,-5.000000,1.000000,0.541462,0.480268,0.061194,1.000000,20.000000,1,19.000000,19.000000,1.000000,20.000000,1,19.000000,19.000000,0.000000,0.078431,0.060161,0.047210,0.012951,0.041667,0.391489,1,0.349823,0.349823,0.037736,0.377358,1,0.339623,0.339623,0.010200
train_0027,72,117,1,0.173062,32.000000,5.963380,5.741655,0.221725,13.000000,81.000000,1,68.000000,68.000000,14.000000,71.000000,1,57.000000,57.000000,11.000000,47.000000,4.446986,4.608083,-0.161097,42.810811,66.461538,1,23.650728,23.650728,44.640000,66.917647,1,22.277647,22.277647,1.373081,111.000000,14.590424,16.410558,-1.820134,24.000000,198.000000,1,174.000000,174.000000,0.000000,189.000000,1,189.000000,189.000000,-15.000000,1.000000,0.541462,0.366942,0.174521,1.000000,20.000000,1,19.000000,19.000000,1.000000,19.000000,1,18.000000,18.000000,1.000000,0.324561,0.087117,0.071376,0.015741,0.041667,0.391489,1,0.349823,0.349823,0.046154,0.391489,1,0.345336,0.345336,0.004487
train_0028,18,19,1,0.111115,37.000000,6.544435,6.572265,-0.027830,13.000000,81.000000,1,68.000000,68.000000,13.000000,80.000000,1,67.000000,67.000000,1.000000,16.000000,1.434979,1.513273,-0.078294,10.702703,16.615385,1,5.912682,5.912682,10.800000,16.597403,1,5.797403,5.797403,0.115279,62.000000,24.260439,20.458591,3.801848,0.000000,100.000000,1,100.000000,100.000000,0.000000,105.000000,1,105.000000,105.000000,-5.000000,1.000000,0.541462,0.667175,-0.125713,1.000000,20.000000,1,19.000000,19.000000,1.000000,20.000000,1,19.000000,19.000000,0.000000,0.024691,0.101690,0.096593,0.005098,0.044444,0.391489,0,0.347045,0.544576,0.046154,0.438596,0,0.392443,0.607068,-0.062492
train_0029,22,22,14,0.100749,22.000000,7.436287,5.643213,1.793073,13.000000,81.000000,1,68.000000,68.000000,9.000000,80.000000,1,71.000000,71.000000,-3.000000,18.000000,0.948980,1.423128,-0.474148,13.081081,20.307692,1,7.226611,7.226611,12.000000,19.904762,1,7.904762,7.904762,-0.678151,54.000000,19.066213,19.154466,-0.088253,0.000000,103.000000,1,103.000000,103.000000,0.000000,96.000000,1,96.000000,96.000000,7.000000,13.000000,1.400703,1.360453,0.040250,1.000000,33.000000,1,32.000000,32.000000,1.000000,33.000000,1,32.000000,32.000000,0.000000,0.078947,0.059861,0.076391,-0.016530,0.041667,0.391489,1,0.349823,0.349823,0.071429,0.469274,1,0.397845,0.397845,-0.048022
train_0030,24,29,20,0.102547,35.000000,6.233638,6.554599,-0.320961,13.000000,81.000000,1,68.000000,68.000000,9.000000,70.000000,1,61.000000,61.000000,7.000000,20.000000,1.171084,1.511667,-0.340582,14.270270,22.153846,1,7.883576,7.883576,13.894737,22.309859,1,8.415122,8.415122,-0.531546,84.000000,33.154182,29.585060,3.569123,0.000000,110.000000,1,110.000000,110.000000,0.000000,110.000000,1,110.000000,110.000000,0.000000,19.000000,1.503626,1.236850,0.266776,1.000000,39.000000,1,38.000000,38.000000,1.000000,38.000000,1,37.000000,37.000000,1.000000,0.123894,0.040501,0.043019,-0.002518,0.041667,0.391489,1,0.349823,0.349823,0.046154,0.469274,1,0.423120,0.423120,-0.073297
train_0031,126,217,20,0.213212,28.000000,6.017432,5.855754,0.161677,13.000000,81.000000,1,68.000000,68.000000,16.000000,80.000000,1,64.000000,64.000000,4.000000,102.000000,5.099739,3.842923,1.256816,74.918919,116.307692,1,41.388773,41.388773,78.206897,119.803279,1,41.596382,41.596382,-0.207609,93.000000,86.617315,57.063799,29.553516,124.000000,298.000000,0,174.000000,484.000000,70.000000,274.000000,1,204.000000,204.000000,280.000000,19.000000,1.503626,1.376650,0.126976,1.000000,39.000000,1,38.000000,38.000000,1.000000,39.000000,1,38.000000,38.000000,0.000000,0.200000,0.034565,0.030111,0.004454,0.041667,0.391489,1,0.349823,0.349823,0.037736,0.351220,1,0.313484,0.313484,0.036339
train_0032,96,136,1,0.192829,46.000000,9.111887,8.397454,0.714433,13.000000,81.000000,1,68.000000,68.000000,16.000000,85.000000,1,69.000000,69.000000,-1.000000,77.000000,3.682822,3.054766,0.628056,57.081081,88.615385,1,31.534304,31.534304,57.247706,91.569231,1,34.321524,34.321524,-2.787221,85.000000,29.960677,21.530391,8.430286,43.000000,217.000000,1,174.000000,174.000000,0.000000,212.000000,1,212.000000,212.000000,-38.000000,1.000000,0.541462,0.618814,-0.077352,1.000000,20.000000,1,19.000000,19.000000,1.000000,20.000000,1,19.000000,19.000000,0.000000,0.126697,0.039648,0.039200,0.000447,0.041667,0.391489,1,0.349823,0.349823,0.037736,0.358209,1,0.320473,0.320473,0.029350
train_0033,27,28,20,0.098753,6.000000,19.435746,17.439589,1.996157,14.000000,81.000000,0,67.000000,147.000000,15.000000,80.000000,0,65.000000,155.000000,-8.000000,14.000000,4.602495,3.908117,0.694378,16.100917,24.923077,0,8.822159,29.831334,15.631579,24.617647,0,8.986068,25.301858,4.529476,20.000000,11.988469,12.836969,-0.848500,0.000000,109.000000,1,109.000000,109.000000,0.000000,104.000000,1,104.000000,104.000000,5.000000,14.000000,4.719697,5.278869,-0.559172,1.000000,39.000000,1,38.000000,38.000000,1.000000,39.000000,1,38.000000,38.000000,0.000000,0.375000,0.124041,0.109698,0.014343,0.041667,0.391489,1,0.349823,0.349823,0.068966,0.418033,1,0.349067,0.349067,0.000755
train_0034,57,83,1,0.167998,44.000000,8.382190,9.147672,-0.765482,13.000000,81.000000,1,68.000000,68.000000,12.000000,85.000000,1,73.000000,73.000000,-5.000000,38.000000,3.115789,3.364910,-0.249121,33.891892,52.615385,1,18.723493,18.723493,33.250000,54.779221,1,21.529221,21.529221,-2.805728,110.000000,20.161930,26.156697,-5.994768,0.000000,164.000000,1,164.000000,164.000000,0.000000,155.000000,1,155.000000,155.000000,9.000000,1.000000,0.541462,0.794748,-0.253286,1.000000,20.000000,1,19.000000,19.000000,1.000000,20.000000,1,19.000000,19.000000,0.000000,0.259067,0.051554,0.048476,0.003078,0.041667,0.391489,1,0.349823,0.349823,0.027211,0.375000,1,0.347789,0.347789,0.002034
train_0035,93,154,1,0.172985,35.000000,6.233638,7.413607,-1.179969,13.000000,81.000000,1,68.000000,68.000000,14.000000,85.000000,1,71.000000,71.000000,-3.000000,66.000000,3.607736,3.818929,-0.211194,55.297297,85.846154,1,30.548857,30.548857,55.297297,86.435294,1,31.137997,31.137997,-0.589140,107.000000,27.674114,23.117044,4.557069,61.000000,235.000000,1,174.000000,174.000000,15.000000,235.000000,1,220.000000,220.000000,-46.000000,1.000000,0.541462,0.342417,0.199045,1.000000,20.000000,1,19.000000,19.000000,1.000000,20.000000,1,19.000000,19.000000,0.000000,0.298851,0.071374,0.068093,0.003281,0.041667,0.391489,1,0.349823,0.349823,0.037736,0.332378,1,0.294642,0.294642,0.055180
train_0036,54,78,1,0.162456,70.000000,22.516688,20.629680,1.887008,13.000000,81.000000,1,68.000000,68.000000,16.000000,92.000000,1,76.000000,76.000000,-8.000000,36.000000,2.951800,3.222675,-0.270874,32.108108,49.846154,1,17.738046,17.738046,33.480000,51.157895,1,17.677895,17.677895,0.060151,159.000000,54.359263,57.836885,-3.477622,0.000000,154.000000,0,154.000000,204.000000,0.000000,168.000000,1,168.000000,168.000000,36.000000,1.000000,0.541462,0.666584,-0.125121,1.000000,20.000000,1,19.000000,19.000000,1.000000,20.000000,1,19.000000,19.000000,0.000000,0.202532,0.035010,0.030543,0.004467,0.041667,0.391489,1,0.349823,0.349823,0.041667,0.358209,1,0.316542,0.316542,0.033280
train_0037,38,84,20,0.183960,19.000000,8.949732,7.059083,1.890649,13.000000,81.000000,1,68.000000,68.000000,11.000000,71.000000,1,60.000000,60.000000,8.000000,36.000000,4.765865,5.215335,-0.449471,22.594595,35.038961,0,12.444366,22.054756,21.714286,34.742857,0,13.028571,25.600000,-3.545244,21.000000,37.202784,38.660436,-1.457653,0.000000,165.000000,1,165.000000,165.000000,0.000000,160.000000,1,160.000000,160.000000,5.000000,20.000000,1.030674,1.041735,-0.011060,1.000000,39.000000,1,38.000000,38.000000,2.000000,39.000000,1,37.000000,37.000000,1.000000,0.019048,0.107008,0.131789,-0.024782,0.044444,0.391489,0,0.347045,0.601013,0.052288,0.494624,0,0.442336,0.774736,-0.173723
train_0038,84,93,20,0.116884,76.000000,27.016486,25.830148,1.186337,13.000000,81.000000,1,68.000000,68.000000,15.000000,81.000000,1,66.000000,66.000000,2.000000,63.000000,2.722249,2.534888,0.187361,49.945946,77.538462,1,27.592516,27.592516,49.945946,77.454545,1,27.508600,27.508600,0.083916,108.000000,16.214720,21.861983,-5.647263,0.000000,174.000000,1,174.000000,174.000000,0.000000,169.000000,1,169.000000,169.000000,5.000000,20.000000,1.030674,0.964439,0.066235,1.000000,39.000000,1,38.000000,38.000000,1.000000,39.000000,1,38.000000,38.000000,0.000000,0.119403,0.042091,0.043388,-0.001297,0.041667,0.391489,1,0.349823,0.349823,0.044444,0.377358,1,0.332914,0.332914,0.016909
train_0039,58,126,21,0.197142,55.000000,13.165758,14.504795,-1.339037,13.000000,81.000000,1,68.000000,68.000000,13.000000,71.000000,1,58.000000,58.000000,10.000000,38.000000,3.509100,2.756610,0.752489,34.486486,53.538462,1,19.051975,19.051975,33.578947,53.905882,1,20.326935,20.326935,-1.274960,151.000000,19.702581,19.257326,0.445255,33.000000,207.000000,1,174.000000,174.000000,33.000000,198.000000,1,165.000000,165.000000,9.000000,19.000000,2.084681,2.288765,-0.204084,2.000000,40.000000,1,38.000000,38.000000,2.000000,40.000000,1,38.000000,38.000000,0.000000,0.353791,0.107803,0.083170,0.024633,0.041667,0.391489,1,0.349823,0.349823,0.037736,0.440678,1,0.402942,0.402942,-0.053119
train_0040,35,80,20,0.183096,80.000000,30.124454,33.561522,-3.437068,13.000000,81.000000,1,68.000000,68.000000,14.000000,78.000000,0,64.000000,84.000000,-16.000000,20.000000,4.253368,3.931187,0.322181,20.871560,32.307692,0,11.436133,20.151729,20.263158,32.000000,0,11.736842,14.368421,5.783308,156.000000,50.341426,55.427705,-5.086279,0.000000,161.000000,1,161.000000,161.000000,16.000000,152.000000,0,136.000000,176.000000,-15.000000,20.000000,1.030674,1.454659,-0.423984,1.000000,39.000000,1,38.000000,38.000000,1.000000,39.000000,1,38.000000,38.000000,0.000000,0.245763,0.046172,0.042367,0.003806,0.041667,0.391489,1,0.349823,0.349823,0.061538,0.494624,1,0.433085,0.433085,-0.083262
train_0041,45,90,1,0.196850,15.000000,11.692852,9.361530,2.331321,13.000000,81.000000,1,68.000000,68.000000,12.000000,71.000000,1,59.000000,59.000000,9.000000,28.000000,3.647124,2.646541,1.000583,26.756757,41.538462,1,14.781705,14.781705,25.714286,40.714286,1,15.000000,15.000000,-0.218295,89.000000,14.112653,11.313332,2.799320,0.000000,171.000000,1,171.000000,171.000000,27.000000,162.000000,1,135.000000,135.000000,36.000000,20.000000,13.432773,13.484996,-0.052223,1.000000,20.000000,1,19.000000,19.000000,1.000000,20.000000,1,19.000000,19.000000,0.000000,0.469274,0.205413,0.165129,0.040283,0.041667,0.377358,0,0.335692,1.254844,0.062500,0.494624,1,0.432124,0.432124,0.822721
train_0042,58,87,1,0.174867,9.000000,16.706139,20.512050,-3.805911,14.000000,81.000000,0,67.000000,117.000000,18.000000,92.000000,0,74.000000,164.000000,-47.000000,48.000000,2.699496,2.237310,0.462186,34.486486,53.538462,1,19.051975,19.051975,35.214286,53.905882,1,18.691597,18.691597,0.360378,21.000000,39.300527,27.254845,12.045682,0.000000,168.000000,1,168.000000,168.000000,0.000000,159.000000,1,159.000000,159.000000,9.000000,1.000000,0.541462,0.620909,-0.079447,1.000000,20.000000,1,19.000000,19.000000,1.000000,20.000000,1,19.000000,19.000000,0.000000,0.148148,0.034536,0.034620,-0.000083,0.041667,0.391489,1,0.349823,0.349823,0.052288,0.353791,1,0.301503,0.301503,0.048320
train_0043,58,101,20,0.133641,25.000000,6.463358,7.270773,-0.807416,13.000000,81.000000,1,68.000000,68.000000,14.000000,83.000000,1,69.000000,69.000000,-1.000000,43.000000,1.922387,1.821017,0.101370,34.486486,53.538462,1,19.051975,19.051975,33.578947,55.147541,1,21.568594,21.568594,-2.516619,66.000000,21.417819,19.992631,1.425188,8.000000,182.000000,1,174.000000,174.000000,23.000000,177.000000,1,154.000000,154.000000,20.000000,20.000000,1.030674,1.031759,-0.001084,1.000000,39.000000,1,38.000000,38.000000,1.000000,39.000000,1,38.000000,38.000000,0.000000,0.323353,0.086317,0.096198,-0.009881,0.041667,0.391489,1,0.349823,0.349823,0.041667,0.358209,1,0.316542,0.316542,0.033280
train_0044,44,99,20,0.184449,16.000000,10.949642,8.543335,2.406307,13.000000,81.000000,1,68.000000,68.000000,13.000000,80.000000,1,67.000000,67.000000,1.000000,25.000000,5.476429,4.482008,0.994421,26.238532,40.615385,0,14.376853,26.762174,25.142857,40.228571,0,15.085714,16.514286,10.247888,66.000000,20.551281,21.231038,-0.679757,6.000000,180.000000,1,174.000000,174.000000,35.000000,175.000000,1,140.000000,140.000000,34.000000,20.000000,1.030674,0.998391,0.032283,1.000000,39.000000,1,38.000000,38.000000,2.000000,39.000000,1,37.000000,37.000000,1.000000,0.363636,0.115194,0.099186,0.016008,0.041667,0.391489,1,0.349823,0.349823,0.052632,0.469274,1,0.416642,0.416642,-0.066819
train_0045,52,89,20,0.156898,72.000000,23.989595,21.501768,2.487827,13.000000,81.000000,1,68.000000,68.000000,15.000000,80.000000,1,65.000000,65.000000,3.000000,36.000000,2.291805,2.156728,0.135077,30.918919,48.000000,1,17.081081,17.081081,31.777778,47.542857,1,15.765079,15.765079,1.316002,144.000000,35.627179,38.532072,-2.904893,0.000000,170.000000,1,170.000000,170.000000,0.000000,163.000000,1,163.000000,163.000000,7.000000,1.000000,14.300347,14.716518,-0.416171,1.000000,39.000000,1,38.000000,38.000000,1.000000,39.000000,1,38.000000,38.000000,0.000000,0.145923,0.034890,0.036121,-0.001231,0.041667,0.391489,1,0.349823,0.349823,0.052632,0.408946,1,0.356314,0.356314,-0.006491
train_0046,31,41,22,0.154124,27.000000,6.098509,4.836162,1.262347,13.000000,81.000000,1,68.000000,68.000000,13.000000,68.000000,1,55.000000,55.000000,13.000000,22.000000,1.202579,1.124691,0.077887,18.432432,28.615385,1,10.182952,10.182952,17.714286,28.342857,1,10.628571,10.628571,-0.445619,88.000000,29.067880,27.947472,1.120408,0.000000,122.000000,1,122.000000,122.000000,0.000000,117.000000,1,117.000000,117.000000,5.000000,20.000000,2.084681,2.272270,-0.187589,3.000000,41.000000,1,38.000000,38.000000,11.000000,41.000000,1,30.000000,30.000000,8.000000,0.248062,0.047065,0.052488,-0.005423,0.041667,0.391489,1,0.349823,0.349823,0.046154,0.440678,1,0.394524,0.394524,-0.044701
train_0047,38,95,1,0.177953,16.000000,10.949642,9.063191,1.886451,13.000000,81.000000,1,68.000000,68.000000,14.000000,80.000000,1,66.000000,66.000000,2.000000,22.000000,4.370849,3.644822,0.726027,22.660550,35.076923,0,12.416373,19.021877,22.166667,34.380952,0,12.214286,13.880952,5.140925,96.000000,14.178415,13.542085,0.636331,2.000000,176.000000,1,174.000000,174.000000,31.000000,171.000000,1,140.000000,140.000000,34.000000,22.000000,15.365119,15.389296,-0.024178,1.000000,20.000000,0,19.000000,39.000000,1.000000,20.000000,0,19.000000,39.000000,0.000000,0.617801,0.348027,0.322539,0.025488,0.041667,0.377358,0,0.335692,2.740117,0.061538,0.408946,0,0.347407,2.435961,0.304157
train_0048,62,159,22,0.193180,23.000000,7.071438,9.346218,-2.274780,13.000000,81.000000,1,68.000000,68.000000,14.000000,82.000000,1,68.000000,68.000000,0.000000,48.000000,2.056024,1.826942,0.229083,36.864865,57.230769,1,20.365904,20.365904,38.440000,57.633803,1,19.193803,19.193803,1.172102,91.000000,41.046484,34.543208,6.503276,66.000000,240.000000,1,174.000000,174.000000,35.000000,242.000000,1,207.000000,207.000000,-33.000000,21.000000,1.503626,1.746218,-0.242592,3.000000,41.000000,1,38.000000,38.000000,3.000000,41.000000,1,38.000000,38.000000,0.000000,0.368000,0.118555,0.103085,0.015470,0.041667,0.391489,1,0.349823,0.349823,0.046154,0.391489,1,0.345336,0.345336,0.004487
train_0049,60,87,1,0.181344,18.000000,9.557813,12.516009,-2.958196,13.000000,81.000000,1,68.000000,68.000000,17.000000,80.000000,1,63.000000,63.000000,5.000000,54.000000,5.237961,5.645441,-0.407481,35.675676,55.384615,1,19.708940,19.708940,37.200000,54.705882,1,17.505882,17.505882,2.203057,64.000000,17.058286,14.882416,2.175869,0.000000,168.000000,1,168.000000,168.000000,0.000000,168.000000,1,168.000000,168.000000,0.000000,20.000000,13.432773,13.214464,0.218310,1.000000,20.000000,1,19.000000,19.000000,1.000000,20.000000,1,19.000000,19.000000,0.000000,0.185430,0.032621,0.028081,0.004540,0.041667,0.391489,1,0.349823,0.349823,0.052632,0.332378,1,0.279747,0.279747,0.070076
train_0050,67,125,20,0.237024,41.000000,7.463312,8.471768,-1.008455,13.000000,81.000000,1,68.000000,68.000000,15.000000,94.000000,1,79.000000,79.000000,-11.000000,52.000000,2.235781,2.013596,0.222186,39.837838,61.846154,1,22.008316,22.008316,40.200000,61.779221,1,21.579221,21.579221,0.429095,110.000000,15.780956,16.586473,-0.805517,32.000000,206.000000,1,174.000000,174.000000,8.000000,197.000000,1,189.000000,189.000000,-15.000000,1.000000,14.300347,11.965318,2.335029,1.000000,39.000000,1,38.000000,38.000000,1.000000,38.000000,1,37.000000,37.000000,1.000000,0.391489,0.137378,0.112000,0.025378,0.041667,0.377358,0,0.335692,0.477001,0.070423,0.408946,1,0.338523,0.338523,0.138477
train_0051,25,25,1,0.136698,68.000000,21.111346,22.574577,-1.463231,13.000000,81.000000,1,68.000000,68.000000,15.000000,78.000000,1,63.000000,63.000000,5.000000,18.000000,0.906376,0.764075,0.142302,14.864865,23.076923,1,8.212058,8.212058,14.473684,22.857143,1,8.383459,8.383459,-0.171400,139.000000,80.863520,72.176471,8.687048,0.000000,101.000000,0,101.000000,481.000000,0.000000,113.000000,0,113.000000,373.000000,108.000000,2.000000,1.109004,1.181025,-0.072021,1.000000,20.000000,1,19.000000,19.000000,1.000000,20.000000,1,19.000000,19.000000,0.000000,0.060976,0.072088,0.066627,0.005462,0.041667,0.391489,1,0.349823,0.349823,0.033333,0.391489,1,0.358156,0.358156,-0.008333
train_0052,221,441,1,0.232114,28.000000,6.017432,7.332032,-1.314600,13.000000,81.000000,1,68.000000,68.000000,15.000000,85.000000,1,70.000000,70.000000,-2.000000,215.000000,32.802233,31.141139,1.661094,131.405405,203.779221,0,72.373815,184.581608,131.788991,205.400000,0,73.611009,169.611009,14.970598,38.000000,358.563443,328.219128,30.344315,348.000000,522.000000,0,174.000000,3274.000000,302.000000,517.000000,0,215.000000,2855.000000,419.000000,1.000000,0.541462,0.299197,0.242265,1.000000,20.000000,1,19.000000,19.000000,1.000000,18.000000,1,17.000000,17.000000,2.000000,0.020877,0.105253,0.112589,-0.007336,0.044444,0.391489,0,0.347045,0.582721,0.052288,0.327402,0,0.275115,0.589222,-0.006501
train_0053,28,39,1,0.156845,29.000000,5.976893,6.474022,-0.497130,13.000000,81.000000,1,68.000000,68.000000,16.000000,80.000000,1,64.000000,64.000000,4.000000,19.000000,1.380579,1.306830,0.073750,16.648649,25.846154,1,9.197505,9.197505,17.360000,25.846154,1,8.486154,8.486154,0.711351,55.000000,14.830323,15.115746,-0.285423,0.000000,120.000000,1,120.000000,120.000000,0.000000,122.000000,1,122.000000,122.000000,-2.000000,1.000000,0.541462,0.842841,-0.301379,1.000000,20.000000,1,19.000000,19.000000,1.000000,20.000000,1,19.000000,19.000000,0.000000,0.212766,0.037152,0.034852,0.002300,0.041667,0.391489,1,0.349823,0.349823,0.052288,0.377358,1,0.325071,0.325071,0.024752
train_0054,71,133,20,0.209539,7.000000,18.516869,21.835069,-3.318200,14.000000,81.000000,0,67.000000,137.000000,17.000000,95.000000,0,78.000000,178.000000,-41.000000,66.000000,7.829299,7.693057,0.136242,42.216216,65.467532,0,23.251316,28.575992,43.107143,64.826087,0,21.718944,33.458075,-4.882083,16.000000,80.260574,69.433390,10.827184,40.000000,214.000000,0,174.000000,414.000000,23.000000,209.000000,0,186.000000,256.000000,158.000000,1.000000,14.300347,11.157626,3.142721,1.000000,39.000000,1,38.000000,38.000000,1.000000,31.000000,1,30.000000,30.000000,8.000000,0.093960,0.052518,0.075867,-0.023349,0.041667,0.391489,1,0.349823,0.349823,0.070423,0.418033,1,0.347610,0.347610,0.002212
train_0055,20,20,1,0.141683,24.000000,6.747129,6.174620,0.572508,13.000000,81.000000,1,68.000000,68.000000,13.000000,78.000000,1,65.000000,65.000000,3.000000,20.000000,3.494527,3.522554,-0.028027,11.891892,18.441558,0,6.549667,22.134082,12.400000,18.000000,0,5.600000,25.600000,-3.465918,24.000000,10.550291,13.483933,-2.933642,0.000000,101.000000,1,101.000000,101.000000,0.000000,108.000000,1,108.000000,108.000000,-7.000000,1.000000,0.541462,0.533005,0.008457,1.000000,20.000000,1,19.000000,19.000000,1.000000,20.000000,1,19.000000,19.000000,0.000000,0.000000,0.125540,0.107319,0.018221,0.044444,0.391489,0,0.347045,0.791489,0.033333,0.358209,0,0.324876,0.658209,0.133280
train_0056,21,21,1,0.127739,56.000000,13.706274,15.259620,-1.553345,13.000000,81.000000,1,68.000000,68.000000,14.000000,78.000000,1,64.000000,64.000000,4.000000,18.000000,1.266446,1.343298,-0.076853,12.486486,19.384615,1,6.898129,6.898129,12.157895,19.147059,1,6.989164,6.989164,-0.091035,109.000000,56.907707,47.060341,9.847365,0.000000,97.000000,0,97.000000,217.000000,0.000000,111.000000,1,111.000000,111.000000,106.000000,1.000000,0.541462,0.503912,0.037550,1.000000,20.000000,1,19.000000,19.000000,1.000000,20.000000,1,19.000000,19.000000,0.000000,0.046154,0.083475,0.062329,0.021145,0.041667,0.391489,1,0.349823,0.349823,0.032967,0.353791,1,0.320824,0.320824,0.028999
train_0057,61,87,7,0.194323,6.000000,19.435746,20.620517,-1.184771,14.000000,81.000000,0,67.000000,147.000000,16.000000,71.000000,0,55.000000,155.000000,-8.000000,61.000000,10.658307,9.892549,0.765758,36.270270,56.246753,0,19.976483,67.508951,37.820000,56.694118,0,18.874118,61.932941,5.576009,6.000000,50.218954,33.756728,16.462226,0.000000,168.000000,1,168.000000,168.000000,0.000000,145.000000,1,145.000000,145.000000,23.000000,5.000000,1.838656,1.631418,0.207238,1.000000,26.000000,1,25.000000,25.000000,1.000000,24.000000,1,23.000000,23.000000,2.000000,0.000000,0.125540,0.136722,-0.011182,0.044444,0.391489,0,0.347045,0.791489,0.041667,0.377358,0,0.335692,0.752358,0.039131
train_0058,85,131,1,0.203064,49.000000,10.273997,9.715763,0.558233,13.000000,81.000000,1,68.000000,68.000000,14.000000,92.000000,1,78.000000,78.000000,-10.000000,54.000000,6.143280,7.368609,-1.225329,50.540541,78.461538,1,27.920998,27.920998,52.700000,81.688312,1,28.988312,28.988312,-1.067314,121.000000,15.055043,18.109030,-3.053988,38.000000,212.000000,1,174.000000,174.000000,0.000000,207.000000,1,207.000000,207.000000,-33.000000,1.000000,0.541462,0.468728,0.072734,1.000000,20.000000,1,19.000000,19.000000,1.000000,20.000000,1,19.000000,19.000000,0.000000,0.238095,0.043587,0.040341,0.003246,0.041667,0.391489,1,0.349823,0.349823,0.033333,0.358209,1,0.324876,0.324876,0.024947
train_0059,25,45,20,0.131110,27.000000,6.098509,5.069917,1.028593,13.000000,81.000000,1,68.000000,68.000000,13.000000,72.000000,1,59.000000,59.000000,9.000000,17.000000,1.217217,0.813299,0.403918,14.864865,23.076923,1,8.212058,8.212058,14.285714,22.619048,1,8.333333,8.333333,-0.121275,87.000000,26.267375,25.545456,0.721919,0.000000,126.000000,1,126.000000,126.000000,0.000000,117.000000,1,117.000000,117.000000,9.000000,20.000000,1.030674,1.429646,-0.398972,1.000000,39.000000,1,38.000000,38.000000,1.000000,39.000000,1,38.000000,38.000000,0.000000,0.242424,0.044976,0.040473,0.004503,0.041667,0.391489,1,0.349823,0.349823,0.062500,0.440678,1,0.378178,0.378178,-0.028355
train_0060,120,223,20,0.218467,25.000000,6.463358,7.445779,-0.982422,13.000000,81.000000,1,68.000000,68.000000,14.000000,81.000000,1,67.000000,67.000000,1.000000,100.000000,5.855422,5.262826,0.592596,71.351351,110.769231,1,39.417879,39.417879,74.430380,114.098361,1,39.667981,39.667981,-0.250101,49.000000,132.727039,101.447817,31.279222,130.000000,304.000000,0,174.000000,984.000000,76.000000,297.000000,0,221.000000,491.000000,493.000000,1.000000,14.300347,14.429286,-0.128939,1.000000,39.000000,1,38.000000,38.000000,1.000000,39.000000,1,38.000000,38.000000,0.000000,0.080882,0.058792,0.066827,-0.008035,0.041667,0.391489,1,0.349823,0.349823,0.032967,0.334802,1,0.301835,0.301835,0.047988
train_0061,103,199,1,0.219919,47.000000,9.490248,9.503806,-0.013558,13.000000,81.000000,1,68.000000,68.000000,15.000000,85.000000,1,70.000000,70.000000,-2.000000,82.000000,3.797710,3.096326,0.701385,61.243243,95.076923,1,33.833680,33.833680,63.860000,95.729412,1,31.869412,31.869412,1.964268,89.000000,74.213008,51.432007,22.781002,106.000000,280.000000,0,174.000000,344.000000,52.000000,280.000000,1,228.000000,228.000000,116.000000,1.000000,0.541462,0.435181,0.106281,1.000000,20.000000,1,19.000000,19.000000,1.000000,20.000000,1,19.000000,19.000000,0.000000,0.166667,0.032713,0.029006,0.003707,0.041667,0.391489,1,0.349823,0.349823,0.037736,0.353791,1,0.316055,0.316055,0.033768
train_0062,85,123,1,0.203632,24.000000,6.747129,8.649461,-1.902332,13.000000,81.000000,1,68.000000,68.000000,14.000000,83.000000,1,69.000000,69.000000,-1.000000,79.000000,9.361305,9.518647,-0.157343,50.540541,78.376623,0,27.836083,34.069849,50.688073,77.500000,0,26.811927,41.811927,-7.742078,30.000000,59.812981,43.687936,16.125046,30.000000,204.000000,1,174.000000,174.000000,0.000000,197.000000,1,197.000000,197.000000,-23.000000,1.000000,0.541462,0.505147,0.036315,1.000000,20.000000,1,19.000000,19.000000,1.000000,20.000000,1,19.000000,19.000000,0.000000,0.052288,0.078668,0.089022,-0.010355,0.041667,0.391489,1,0.349823,0.349823,0.060976,0.351220,0,0.290244,0.377124,-0.027301
train_0063,27,74,1,0.212107,13.000000,13.287374,11.018791,2.268584,14.000000,81.000000,0,67.000000,77.000000,14.000000,80.000000,0,66.000000,76.000000,1.000000,21.000000,0.906432,0.996529,-0.090097,16.054054,24.923077,1,8.869023,8.869023,15.428571,24.685714,1,9.257143,9.257143,-0.388120,40.000000,20.605648,18.921246,1.684402,0.000000,155.000000,1,155.000000,155.000000,10.000000,149.000000,1,139.000000,139.000000,16.000000,1.000000,0.541462,0.640572,-0.099110,1.000000,20.000000,1,19.000000,19.000000,1.000000,20.000000,1,19.000000,19.000000,0.000000,0.438596,0.177667,0.136356,0.041311,0.041667,0.377358,0,0.335692,0.948072,0.052632,0.494624,1,0.441992,0.441992,0.506080
train_0064,46,84,1,0.201221,18.000000,9.557813,8.892015,0.665798,13.000000,81.000000,1,68.000000,68.000000,11.000000,92.000000,1,81.000000,81.000000,-13.000000,38.000000,2.114885,2.056017,0.058869,27.351351,42.461538,1,15.110187,15.110187,27.431193,42.415584,1,14.984392,14.984392,0.125795,28.000000,32.689473,26.982679,5.706794,0.000000,165.000000,1,165.000000,165.000000,0.000000,156.000000,1,156.000000,156.000000,9.000000,1.000000,0.541462,0.285558,0.255904,1.000000,20.000000,1,19.000000,19.000000,1.000000,19.000000,1,18.000000,18.000000,1.000000,0.089286,0.054624,0.074512,-0.019888,0.041667,0.391489,1,0.349823,0.349823,0.070423,0.438596,1,0.368174,0.368174,-0.018351
train_0065,71,105,1,0.171613,63.000000,17.814198,18.778248,-0.964050,13.000000,81.000000,1,68.000000,68.000000,15.000000,81.000000,1,66.000000,66.000000,2.000000,47.000000,4.047730,5.228704,-1.180974,42.216216,65.538462,1,23.322245,23.322245,44.020000,67.723077,1,23.703077,23.703077,-0.380832,144.000000,25.960452,38.531489,-12.571037,12.000000,186.000000,1,174.000000,174.000000,0.000000,167.000000,1,167.000000,167.000000,7.000000,13.000000,8.270844,8.706669,-0.435825,1.000000,20.000000,1,19.000000,19.000000,1.000000,20.000000,1,19.000000,19.000000,0.000000,0.257028,0.050700,0.055162,-0.004462,0.041667,0.391489,1,0.349823,0.349823,0.027211,0.351220,1,0.324009,0.324009,0.025814
train_0066,19,32,1,0.191645,38.000000,6.733616,7.856831,-1.123215,13.000000,81.000000,1,68.000000,68.000000,9.000000,81.000000,1,72.000000,72.000000,-4.000000,9.000000,4.063825,3.699359,0.364467,11.330275,17.538462,0,6.208186,29.510939,11.083333,17.519481,0,6.436147,27.269481,2.241458,89.000000,34.798703,35.182791,-0.384088,0.000000,113.000000,1,113.000000,113.000000,0.000000,115.000000,1,115.000000,115.000000,-2.000000,20.000000,13.432773,13.883903,-0.451130,1.000000,20.000000,1,19.000000,19.000000,1.000000,20.000000,1,19.000000,19.000000,0.000000,0.297521,0.070619,0.060984,0.009635,0.041667,0.391489,1,0.349823,0.349823,0.033333,0.408946,1,0.375612,0.375612,-0.025790
train_0067,37,45,1,0.165467,51.000000,11.179361,10.226835,0.952527,13.000000,81.000000,1,68.000000,68.000000,14.000000,72.000000,1,58.000000,58.000000,10.000000,22.000000,3.776415,4.174144,-0.397729,22.064220,34.153846,0,12.089626,12.731828,22.949367,35.052632,0,12.103264,21.596935,-8.865108,128.000000,54.955272,70.621301,-15.666028,0.000000,121.000000,0,121.000000,191.000000,0.000000,88.000000,0,88.000000,488.000000,-297.000000,1.000000,0.541462,0.258239,0.283223,1.000000,20.000000,1,19.000000,19.000000,1.000000,18.000000,1,17.000000,17.000000,2.000000,0.138728,0.036411,0.045718,-0.009307,0.041667,0.391489,1,0.349823,0.349823,0.032967,0.408946,1,0.375979,0.375979,-0.026156
train_0068,32,77,20,0.197248,22.000000,7.436287,6.316322,1.119965,13.000000,81.000000,1,68.000000,68.000000,11.000000,80.000000,1,69.000000,69.000000,-1.000000,20.000000,2.532252,1.957304,0.574948,19.027027,29.538462,1,10.511435,10.511435,18.526316,29.000000,1,10.473684,10.473684,0.037750,74.000000,13.989865,12.179502,1.810363,0.000000,158.000000,1,158.000000,158.000000,14.000000,153.000000,1,139.000000,139.000000,19.000000,1.000000,14.300347,14.374860,-0.074513,1.000000,39.000000,1,38.000000,38.000000,1.000000,39.000000,1,38.000000,38.000000,0.000000,0.543046,0.274800,0.230335,0.044465,0.041667,0.377358,0,0.335692,1.992570,0.061538,0.469274,0,0.407735,1.145461,0.847109
train_0069,41,69,1,0.155267,82.000000,31.786541,31.330278,0.456263,13.000000,80.000000,0,67.000000,87.000000,15.000000,81.000000,0,66.000000,76.000000,11.000000,28.000000,1.947196,1.341620,0.605576,24.378378,37.846154,1,13.467775,13.467775,24.378378,36.684211,1,12.305832,12.305832,1.161943,162.000000,64.436782,64.619542,-0.182760,0.000000,145.000000,0,145.000000,315.000000,1.000000,143.000000,0,142.000000,332.000000,-17.000000,1.000000,0.541462,0.556008,-0.014546,1.000000,20.000000,1,19.000000,19.000000,1.000000,20.000000,1,19.000000,19.000000,0.000000,0.147186,0.034679,0.049081,-0.014402,0.041667,0.391489,1,0.349823,0.349823,0.061538,0.438596,1,0.377058,0.377058,-0.027235
train_0070,58,98,1,0.200302,42.000000,7.747083,7.656576,0.090507,13.000000,81.000000,1,68.000000,68.000000,15.000000,80.000000,1,65.000000,65.000000,3.000000,36.000000,4.763197,4.962427,-0.199230,34.486486,53.538462,1,19.051975,19.051975,35.214286,53.028571,1,17.814286,17.814286,1.237689,107.000000,14.867033,19.586733,-4.719700,5.000000,179.000000,1,174.000000,174.000000,0.000000,174.000000,1,174.000000,174.000000,0.000000,20.000000,13.432773,12.553906,0.878867,1.000000,20.000000,1,19.000000,19.000000,1.000000,20.000000,1,19.000000,19.000000,0.000000,0.351220,0.105927,0.092768,0.013159,0.041667,0.391489,1,0.349823,0.349823,0.052288,0.363636,1,0.311349,0.311349,0.038474
train_0071,85,139,1,0.174482,59.000000,15.381875,13.504207,1.877667,13.000000,81.000000,1,68.000000,68.000000,18.000000,92.000000,1,74.000000,74.000000,-6.000000,62.000000,2.941057,2.866395,0.074662,50.540541,78.461538,1,27.920998,27.920998,51.000000,78.461538,1,27.461538,27.461538,0.459459,149.000000,15.253772,20.435237,-5.181464,46.000000,220.000000,1,174.000000,174.000000,0.000000,222.000000,1,222.000000,222.000000,-48.000000,1.000000,0.541462,0.466254,0.075208,1.000000,20.000000,1,19.000000,19.000000,1.000000,19.000000,1,18.000000,18.000000,1.000000,0.243056,0.045189,0.038279,0.006910,0.041667,0.391489,1,0.349823,0.349823,0.052288,0.358209,1,0.305921,0.305921,0.043901
train_0072,44,69,1,0.165907,21.000000,7.868700,7.080340,0.788360,13.000000,81.000000,1,68.000000,68.000000,15.000000,81.000000,1,66.000000,66.000000,2.000000,38.000000,2.811386,3.110586,-0.299200,26.162162,40.615385,1,14.453222,14.453222,26.400000,40.117647,1,13.717647,13.717647,0.735575,35.000000,20.506329,17.801005,2.705324,0.000000,150.000000,1,150.000000,150.000000,0.000000,155.000000,1,155.000000,155.000000,-5.000000,1.000000,0.541462,0.573912,-0.032450,1.000000,20.000000,1,19.000000,19.000000,1.000000,20.000000,1,19.000000,19.000000,0.000000,0.115385,0.043611,0.048358,-0.004746,0.041667,0.391489,1,0.349823,0.349823,0.061538,0.375000,1,0.313462,0.313462,0.036361
train_0073,36,72,1,0.171086,80.000000,30.124454,33.001067,-2.876613,13.000000,81.000000,1,68.000000,68.000000,13.000000,81.000000,1,68.000000,68.000000,0.000000,21.000000,4.008520,3.713630,0.294891,21.467890,33.230769,0,11.762879,16.441778,20.842105,32.625000,1,11.782895,11.782895,4.658884,148.000000,50.186208,52.014850,-1.828643,0.000000,153.000000,1,153.000000,153.000000,0.000000,147.000000,0,147.000000,157.000000,-4.000000,1.000000,0.541462,0.901469,-0.360007,1.000000,20.000000,1,19.000000,19.000000,1.000000,20.000000,1,19.000000,19.000000,0.000000,0.200000,0.034565,0.038796,-0.004231,0.041667,0.391489,1,0.349823,0.349823,0.061538,0.418033,1,0.356494,0.356494,-0.006672
train_0074,109,171,20,0.219429,92.000000,40.651007,36.907857,3.743149,13.000000,80.000000,0,67.000000,187.000000,15.000000,95.000000,1,80.000000,80.000000,107.000000,65.000000,10.971724,13.490670,-2.518945,64.810811,100.615385,1,35.804574,35.804574,67.655172,101.305882,0,33.650710,60.202434,-24.397860,207.000000,24.580199,38.994477,-14.414278,78.000000,252.000000,1,174.000000,174.000000,32.000000,252.000000,1,220.000000,220.000000,-46.000000,20.000000,1.030674,1.073215,-0.042541,1.000000,39.000000,1,38.000000,38.000000,1.000000,31.000000,1,30.000000,30.000000,8.000000,0.243386,0.045305,0.042184,0.003121,0.041667,0.391489,1,0.349823,0.349823,0.052288,0.375000,1,0.322712,0.322712,0.027110
train_0075,88,157,1,0.171078,38.000000,6.733616,6.596122,0.137494,13.000000,81.000000,1,68.000000,68.000000,15.000000,80.000000,1,65.000000,65.000000,3.000000,80.000000,8.263816,7.251689,1.012127,52.324324,81.230769,1,28.906445,28.906445,52.477064,85.610860,1,33.133796,33.133796,-4.227351,68.000000,56.704698,44.868136,11.836562,64.000000,238.000000,1,174.000000,174.000000,47.000000,231.000000,1,184.000000,184.000000,-10.000000,1.000000,0.541462,0.376163,0.165299,1.000000,20.000000,1,19.000000,19.000000,1.000000,18.000000,1,17.000000,17.000000,2.000000,0.160000,0.033091,0.033252,-0.000160,0.041667,0.391489,1,0.349823,0.349823,0.024096,0.377358,1,0.353262,0.353262,-0.003439
train_0076,31,34,1,0.112146,37.000000,6.544435,7.394960,-0.850525,13.000000,81.000000,1,68.000000,68.000000,12.000000,78.000000,1,66.000000,66.000000,2.000000,27.000000,2.116880,2.837057,-0.720177,18.432432,28.615385,1,10.182952,10.182952,17.714286,28.811765,1,11.097479,11.097479,-0.914527,53.000000,15.382190,14.355331,1.026859,0.000000,115.000000,1,115.000000,115.000000,0.000000,115.000000,1,115.000000,115.000000,0.000000,1.000000,0.541462,0.534958,0.006504,1.000000,20.000000,1,19.000000,19.000000,1.000000,20.000000,1,19.000000,19.000000,0.000000,0.068966,0.066338,0.082320,-0.015982,0.041667,0.391489,1,0.349823,0.349823,0.052288,0.438596,1,0.386309,0.386309,-0.036486
train_0077,84,179,1,0.188306,64.000000,18.462817,17.913438,0.549379,13.000000,81.000000,1,68.000000,68.000000,15.000000,72.000000,1,57.000000,57.000000,11.000000,61.000000,2.949380,2.819184,0.130196,49.945946,77.538462,1,27.592516,27.592516,50.400000,78.070588,1,27.670588,27.670588,-0.078073,170.000000,15.023557,15.399861,-0.376304,86.000000,260.000000,1,174.000000,174.000000,55.000000,253.000000,1,198.000000,198.000000,-24.000000,20.000000,13.432773,14.017824,-0.585050,1.000000,20.000000,1,19.000000,19.000000,1.000000,20.000000,1,19.000000,19.000000,0.000000,0.332378,0.092466,0.082527,0.009939,0.041667,0.391489,1,0.349823,0.349823,0.052288,0.377358,1,0.325071,0.325071,0.024752
train_0078,98,135,1,0.174304,39.000000,6.949822,6.941813,0.008009,13.000000,81.000000,1,68.000000,68.000000,17.000000,92.000000,1,75.000000,75.000000,-7.000000,85.000000,6.476303,6.190713,0.285589,58.270270,90.461538,1,32.191268,32.191268,58.440367,90.461538,1,32.021171,32.021171,0.170097,76.000000,34.930544,28.291606,6.638938,42.000000,216.000000,1,174.000000,174.000000,0.000000,218.000000,1,218.000000,218.000000,-44.000000,1.000000,0.541462,0.770147,-0.228684,1.000000,20.000000,1,19.000000,19.000000,1.000000,20.000000,1,19.000000,19.000000,0.000000,0.104265,0.048104,0.048734,-0.000630,0.041667,0.391489,1,0.349823,0.349823,0.052288,0.351220,1,0.298932,0.298932,0.050891
train_0079,25,27,1,0.159080,21.000000,7.868700,6.493225,1.375475,13.000000,81.000000,1,68.000000,68.000000,6.000000,71.000000,1,65.000000,65.000000,3.000000,15.000000,2.443307,2.244446,0.198861,14.864865,23.076923,1,8.212058,8.212058,14.285714,23.770492,1,9.484778,9.484778,-1.272719,36.000000,12.078555,12.916555,-0.838000,0.000000,108.000000,1,108.000000,108.000000,0.000000,103.000000,1,103.000000,103.000000,5.000000,1.000000,0.541462,0.652921,-0.111458,1.000000,20.000000,1,19.000000,19.000000,1.000000,20.000000,1,19.000000,19.000000,0.000000,0.222222,0.039406,0.036007,0.003398,0.041667,0.391489,1,0.349823,0.349823,0.033333,0.407186,1,0.373852,0.373852,-0.024030
train_0080,21,22,20,0.112619,32.000000,5.963380,6.165836,-0.202456,13.000000,81.000000,1,68.000000,68.000000,15.000000,80.000000,1,65.000000,65.000000,3.000000,12.000000,2.552021,2.406664,0.145357,12.522936,19.384615,0,6.861680,12.091037,12.750000,18.666667,0,5.916667,13.416667,-1.325629,96.000000,45.592045,31.972606,13.619440,0.000000,103.000000,1,103.000000,103.000000,0.000000,110.000000,1,110.000000,110.000000,-7.000000,21.000000,1.598216,1.555774,0.042443,1.000000,39.000000,1,38.000000,38.000000,3.000000,39.000000,1,36.000000,36.000000,2.000000,0.084746,0.056801,0.050831,0.005971,0.041667,0.391489,1,0.349823,0.349823,0.046154,0.363636,1,0.317483,0.317483,0.032340
train_0081,28,50,20,0.107910,18.000000,9.557813,8.356995,1.200818,13.000000,81.000000,1,68.000000,68.000000,13.000000,72.000000,1,59.000000,59.000000,9.000000,18.000000,1.889176,1.460167,0.429009,16.648649,25.846154,1,9.197505,9.197505,16.210526,25.600000,1,9.389474,9.389474,-0.191968,28.000000,15.865006,15.556936,0.308070,0.000000,131.000000,1,131.000000,131.000000,0.000000,112.000000,1,112.000000,112.000000,19.000000,1.000000,14.300347,14.862400,-0.562053,1.000000,39.000000,1,38.000000,38.000000,2.000000,39.000000,0,37.000000,47.000000,-9.000000,0.153846,0.033766,0.049932,-0.016166,0.041667,0.391489,1,0.349823,0.349823,0.052288,0.440678,1,0.388390,0.388390,-0.038568
train_0082,20,21,20,0.121397,13.000000,13.287374,11.578528,1.708846,14.000000,81.000000,0,67.000000,77.000000,13.000000,71.000000,1,58.000000,58.000000,19.000000,13.000000,1.266403,1.396132,-0.129729,11.891892,18.461538,1,6.569647,6.569647,11.578947,18.235294,1,6.656347,6.656347,-0.086700,20.000000,10.612495,12.451811,-1.839316,0.000000,102.000000,1,102.000000,102.000000,0.000000,107.000000,1,107.000000,107.000000,-5.000000,1.000000,14.300347,15.986203,-1.685857,1.000000,39.000000,1,38.000000,38.000000,15.000000,39.000000,0,24.000000,164.000000,-126.000000,0.146341,0.034816,0.035096,-0.000280,0.041667,0.391489,1,0.349823,0.349823,0.025000,0.407186,1,0.382186,0.382186,-0.032363
train_0083,58,114,20,0.188074,50.000000,10.719923,9.201148,1.518775,13.000000,81.000000,1,68.000000,68.000000,14.000000,81.000000,1,67.000000,67.000000,1.000000,42.000000,2.057390,1.803919,0.253470,34.486486,53.538462,1,19.051975,19.051975,34.587156,53.480519,1,18.893364,18.893364,0.158612,118.000000,14.387730,13.900379,0.487351,21.000000,195.000000,1,174.000000,174.000000,33.000000,189.000000,1,156.000000,156.000000,18.000000,20.000000,1.030674,1.154473,-0.123799,1.000000,39.000000,1,38.000000,38.000000,1.000000,39.000000,1,38.000000,38.000000,0.000000,0.318966,0.083502,0.054647,0.028855,0.041667,0.391489,1,0.349823,0.349823,0.071429,0.440678,1,0.369249,0.369249,-0.019427
train_0084,4,4,1,0.171430,1.000000,24.300392,20.110789,4.189602,14.000000,81.000000,0,67.000000,197.000000,11.000000,70.000000,0,59.000000,159.000000,38.000000,1.000000,1.747800,1.670339,0.077462,2.385321,3.692308,0,1.306987,15.160198,2.378378,3.688312,0,1.309933,15.093717,0.066481,4.000000,7.411648,7.081629,0.330019,0.000000,85.000000,1,85.000000,85.000000,0.000000,79.000000,1,79.000000,79.000000,6.000000,1.000000,0.541462,0.640300,-0.098838,1.000000,20.000000,1,19.000000,19.000000,1.000000,20.000000,1,19.000000,19.000000,0.000000,0.750000,0.480220,0.457636,0.022584,0.041667,0.377358,0,0.335692,4.062107,0.052288,0.440678,0,0.388390,3.481611,0.580496
train_0085,36,48,1,0.135986,83.000000,32.651367,40.104078,-7.452711,13.000000,80.000000,0,67.000000,97.000000,6.000000,68.000000,0,62.000000,212.000000,-115.000000,27.000000,1.166678,1.255968,-0.089289,21.405405,33.230769,1,11.825364,11.825364,21.857143,34.229508,1,12.372365,12.372365,-0.547002,139.000000,61.932841,76.130313,-14.197472,0.000000,124.000000,0,124.000000,274.000000,0.000000,105.000000,0,105.000000,445.000000,-171.000000,1.000000,0.541462,0.348844,0.192618,1.000000,20.000000,1,19.000000,19.000000,1.000000,20.000000,1,19.000000,19.000000,0.000000,0.160428,0.033057,0.041222,-0.008165,0.041667,0.391489,1,0.349823,0.349823,0.036900,0.438596,1,0.401696,0.401696,-0.051873
train_0086,28,42,1,0.157757,21.000000,7.868700,7.663388,0.205311,13.000000,81.000000,1,68.000000,68.000000,9.000000,80.000000,1,71.000000,71.000000,-3.000000,12.000000,7.234827,6.505411,0.729417,16.697248,25.846154,0,9.148906,56.121383,16.000000,25.529412,0,9.529412,49.529412,6.591971,51.000000,13.363362,12.671472,0.691890,0.000000,123.000000,1,123.000000,123.000000,0.000000,118.000000,1,118.000000,118.000000,5.000000,1.000000,0.541462,0.592214,-0.050752,1.000000,20.000000,1,19.000000,19.000000,1.000000,20.000000,1,19.000000,19.000000,0.000000,0.473118,0.208945,0.197667,0.011278,0.041667,0.377358,0,0.335692,1.293290,0.061538,0.363636,0,0.302098,1.396917,-0.103627
train_0087,201,411,1,0.223280,71.000000,23.246385,20.329812,2.916573,13.000000,81.000000,1,68.000000,68.000000,14.000000,85.000000,1,71.000000,71.000000,-3.000000,160.000000,7.406868,6.479330,0.927537,119.513514,185.538462,1,66.024948,66.024948,119.862385,186.845070,1,66.982685,66.982685,-0.957737,227.000000,142.208324,110.278614,31.929709,318.000000,492.000000,0,174.000000,1084.000000,264.000000,494.000000,0,230.000000,600.000000,484.000000,1.000000,0.541462,0.343635,0.197827,1.000000,20.000000,1,19.000000,19.000000,1.000000,20.000000,1,19.000000,19.000000,0.000000,0.206897,0.035883,0.030380,0.005504,0.041667,0.391489,1,0.349823,0.349823,0.044444,0.358209,1,0.313765,0.313765,0.036058
train_0088,50,90,20,0.191793,113.000000,60.433899,61.850854,-1.416954,13.000000,80.000000,0,67.000000,397.000000,9.000000,71.000000,0,62.000000,482.000000,-85.000000,31.000000,4.131072,3.953925,0.177146,29.729730,46.153846,1,16.424116,16.424116,31.012658,47.368421,0,16.355763,16.482345,-0.058229,220.000000,98.676411,106.034640,-7.358229,0.000000,166.000000,0,166.000000,706.000000,0.000000,162.000000,0,162.000000,742.000000,-36.000000,1.000000,14.300347,15.177535,-0.877188,1.000000,39.000000,1,38.000000,38.000000,1.000000,39.000000,1,38.000000,38.000000,0.000000,0.187097,0.032730,0.033164,-0.000434,0.041667,0.391489,1,0.349823,0.349823,0.033333,0.377358,1,0.344025,0.344025,0.005798
train_0089,63,110,20,0.221370,22.000000,7.436287,7.898894,-0.462608,13.000000,81.000000,1,68.000000,68.000000,9.000000,95.000000,1,86.000000,86.000000,-18.000000,56.000000,5.022427,4.079647,0.942779,37.459459,58.153846,1,20.694387,20.694387,37.800000,59.901639,1,22.101639,22.101639,-1.407253,91.000000,16.396649,18.121345,-1.724696,17.000000,191.000000,1,174.000000,174.000000,0.000000,186.000000,1,186.000000,186.000000,-12.000000,19.000000,1.503626,1.762620,-0.258994,1.000000,39.000000,1,38.000000,38.000000,1.000000,38.000000,1,37.000000,37.000000,1.000000,0.358209,0.111087,0.113247,-0.002160,0.041667,0.391489,1,0.349823,0.349823,0.033333,0.391489,1,0.358156,0.358156,-0.008333
train_0090,115,196,1,0.186327,85.000000,34.408045,30.394307,4.013737,13.000000,80.000000,0,67.000000,117.000000,15.000000,92.000000,1,77.000000,77.000000,40.000000,94.000000,4.931096,4.037351,0.893745,68.378378,106.153846,1,37.775468,37.775468,69.821429,106.882353,1,37.060924,37.060924,0.714543,163.000000,20.807846,18.272957,2.534890,103.000000,277.000000,1,174.000000,174.000000,49.000000,270.000000,1,221.000000,221.000000,-47.000000,1.000000,0.541462,0.399325,0.142137,1.000000,20.000000,1,19.000000,19.000000,1.000000,20.000000,1,19.000000,19.000000,0.000000,0.139276,0.036279,0.037129,-0.000849,0.041667,0.391489,1,0.349823,0.349823,0.052288,0.334802,1,0.282514,0.282514,0.067309
train_0091,25,47,1,0.201637,9.000000,16.706139,13.388015,3.318124,14.000000,81.000000,0,67.000000,117.000000,13.000000,76.000000,0,63.000000,103.000000,14.000000,18.000000,0.906376,0.847586,0.058791,14.864865,23.076923,1,8.212058,8.212058,14.204545,22.500000,1,8.295455,8.295455,-0.083396,16.000000,18.577857,17.889361,0.688496,0.000000,128.000000,1,128.000000,128.000000,0.000000,121.000000,1,121.000000,121.000000,7.000000,1.000000,0.541462,0.563647,-0.022185,1.000000,20.000000,1,19.000000,19.000000,1.000000,20.000000,1,19.000000,19.000000,0.000000,0.190476,0.033150,0.034442,-0.001292,0.041667,0.391489,1,0.349823,0.349823,0.062500,0.473118,1,0.410618,0.410618,-0.060796
train_0092,32,33,1,0.130098,81.000000,30.935228,31.007432,-0.072204,13.000000,80.000000,0,67.000000,77.000000,13.000000,80.000000,0,67.000000,77.000000,0.000000,22.000000,1.464393,1.569128,-0.104735,19.027027,29.538462,1,10.511435,10.511435,18.666667,29.217391,1,10.550725,10.550725,-0.039290,152.000000,86.341831,92.920226,-6.578395,0.000000,109.000000,0,109.000000,539.000000,0.000000,107.000000,0,107.000000,557.000000,-18.000000,1.000000,0.541462,0.675151,-0.133689,1.000000,20.000000,1,19.000000,19.000000,1.000000,20.000000,1,19.000000,19.000000,0.000000,0.075676,0.061874,0.065194,-0.003320,0.041667,0.391489,1,0.349823,0.349823,0.052632,0.368000,1,0.315368,0.315368,0.034454
train_0093,23,26,2,0.128622,34.000000,6.112022,6.381210,-0.269188,13.000000,81.000000,1,68.000000,68.000000,11.000000,80.000000,1,69.000000,69.000000,-1.000000,17.000000,0.767917,0.857189,-0.089271,13.675676,21.230769,1,7.555094,7.555094,13.142857,21.230769,1,8.087912,8.087912,-0.532819,88.000000,37.568353,40.375605,-2.807252,0.000000,107.000000,1,107.000000,107.000000,0.000000,100.000000,1,100.000000,100.000000,7.000000,20.000000,12.734607,12.593401,0.141205,1.000000,21.000000,1,20.000000,20.000000,1.000000,21.000000,1,20.000000,20.000000,0.000000,0.157895,0.033290,0.044764,-0.011474,0.041667,0.391489,1,0.349823,0.349823,0.032967,0.469274,1,0.436307,0.436307,-0.086484
train_0094,69,112,20,0.216547,21.000000,7.868700,9.046871,-1.178172,13.000000,81.000000,1,68.000000,68.000000,13.000000,95.000000,1,82.000000,82.000000,-14.000000,63.000000,6.687154,5.961022,0.726132,41.027027,63.692308,1,22.665281,22.665281,42.166667,63.623377,1,21.456710,21.456710,1.208571,30.000000,51.187874,41.200248,9.987627,19.000000,193.000000,1,174.000000,174.000000,0.000000,188.000000,1,188.000000,188.000000,-14.000000,1.000000,14.300347,12.825276,1.475071,1.000000,39.000000,1,38.000000,38.000000,1.000000,39.000000,1,38.000000,38.000000,0.000000,0.070423,0.065314,0.085468,-0.020154,0.041667,0.391489,1,0.349823,0.349823,0.068966,0.391489,1,0.322524,0.322524,0.027299
train_0095,90,143,1,0.178547,59.000000,15.381875,13.418712,1.963162,13.000000,81.000000,1,68.000000,68.000000,14.000000,92.000000,1,78.000000,78.000000,-10.000000,75.000000,4.391566,4.156635,0.234931,53.513514,83.076923,1,29.563410,29.563410,53.513514,85.263158,1,31.749644,31.749644,-2.186235,123.000000,16.694969,16.547922,0.147046,50.000000,224.000000,1,174.000000,174.000000,33.000000,226.000000,1,193.000000,193.000000,-19.000000,1.000000,0.541462,0.383022,0.158440,1.000000,20.000000,1,19.000000,19.000000,1.000000,18.000000,1,17.000000,17.000000,2.000000,0.142857,0.035505,0.029674,0.005831,0.041667,0.391489,1,0.349823,0.349823,0.033333,0.324561,1,0.291228,0.291228,0.058595
train_0096,52,90,1,0.186505,40.000000,7.193054,8.151942,-0.958888,13.000000,81.000000,1,68.000000,68.000000,15.000000,94.000000,1,79.000000,79.000000,-11.000000,39.000000,1.685202,1.819798,-0.134596,30.918919,48.000000,1,17.081081,17.081081,30.105263,47.542857,1,17.437594,17.437594,-0.356513,95.000000,14.274807,14.038998,0.235810,0.000000,171.000000,1,171.000000,171.000000,26.000000,166.000000,1,140.000000,140.000000,31.000000,1.000000,0.541462,0.883542,-0.342080,1.000000,20.000000,1,19.000000,19.000000,1.000000,20.000000,1,19.000000,19.000000,0.000000,0.216216,0.037945,0.033430,0.004515,0.041667,0.391489,1,0.349823,0.349823,0.052632,0.418033,1,0.365401,0.365401,-0.015579
train_0097,28,66,1,0.189308,12.000000,14.125175,11.948191,2.176984,14.000000,81.000000,0,67.000000,87.000000,9.000000,72.000000,1,63.000000,63.000000,24.000000,18.000000,1.889176,1.558104,0.331072,16.648649,25.846154,1,9.197505,9.197505,16.210526,25.565217,1,9.354691,9.354691,-0.157186,40.000000,17.585649,14.569193,3.016456,0.000000,147.000000,1,147.000000,147.000000,0.000000,140.000000,1,140.000000,140.000000,7.000000,10.000000,6.176343,6.216978,-0.040634,1.000000,20.000000,1,19.000000,19.000000,1.000000,20.000000,1,19.000000,19.000000,0.000000,0.377358,0.125921,0.109899,0.016023,0.041667,0.391489,1,0.349823,0.349823,0.061538,0.375000,0,0.313462,0.337046,0.012776
train_0098,118,270,1,0.182298,1.000000,24.300392,26.903071,-2.602680,14.000000,81.000000,0,67.000000,197.000000,14.000000,80.000000,0,66.000000,196.000000,1.000000,115.000000,17.706919,19.173811,-1.466891,70.162162,108.805195,0,38.643033,100.591085,70.162162,107.739130,0,37.576968,110.185664,-9.594579,4.000000,221.563623,208.479154,13.084469,177.000000,351.000000,0,174.000000,1904.000000,160.000000,353.000000,0,193.000000,1753.000000,151.000000,1.000000,0.541462,0.598266,-0.056804,1.000000,20.000000,1,19.000000,19.000000,1.000000,20.000000,1,19.000000,19.000000,0.000000,0.021898,0.104287,0.116580,-0.012293,0.044444,0.391489,0,0.347045,0.572511,0.052288,0.391489,0,0.339202,0.643099,-0.070588
train_0099,61,126,20,0.169326,94.000000,42.461736,41.029906,1.431830,13.000000,80.000000,0,67.000000,207.000000,16.000000,80.000000,0,64.000000,204.000000,3.000000,47.000000,2.004555,2.122570,-0.118015,36.270270,56.307692,1,20.037422,20.037422,36.270270,58.000000,1,21.729730,21.729730,-1.692308,164.000000,25.513130,32.766443,-7.253313,33.000000,207.000000,1,174.000000,174.000000,22.000000,198.000000,1,176.000000,176.000000,-2.000000,1.000000,14.300347,14.138584,0.161763,1.000000,39.000000,1,38.000000,38.000000,1.000000,39.000000,1,38.000000,38.000000,0.000000,0.179310,0.032515,0.039798,-0.007283,0.041667,0.391489,1,0.349823,0.349823,0.037736,0.412281,1,0.374545,0.374545,-0.024722
train_0100,20,27,1,0.165873,3.000000,22.327508,19.242135,3.085373,14.000000,81.000000,0,67.000000,177.000000,12.000000,71.000000,0,59.000000,149.000000,28.000000,18.000000,1.745987,2.395055,-0.649068,11.891892,18.461538,1,6.569647,6.569647,11.428571,17.894737,0,6.466165,7.518797,-0.949150,5.000000,14.146029,16.330162,-2.184132,0.000000,108.000000,1,108.000000,108.000000,0.000000,103.000000,1,103.000000,103.000000,5.000000,1.000000,0.541462,0.610436,-0.068974,1.000000,20.000000,1,19.000000,19.000000,1.000000,20.000000,1,19.000000,19.000000,0.000000,0.062500,0.070968,0.101868,-0.030899,0.041667,0.391489,1,0.349823,0.349823,0.072289,0.473118,0,0.400829,0.498721,-0.148898
train_0101,42,58,1,0.161613,36.000000,6.382280,6.402051,-0.019771,13.000000,81.000000,1,68.000000,68.000000,15.000000,82.000000,1,67.000000,67.000000,1.000000,36.000000,2.532891,2.606285,-0.073394,24.972973,38.769231,1,13.796258,13.796258,24.972973,39.035294,1,14.062321,14.062321,-0.266063,74.000000,15.773839,16.990089,-1.216250,0.000000,139.000000,1,139.000000,139.000000,0.000000,144.000000,1,144.000000,144.000000,-5.000000,20.000000,13.432773,12.918725,0.514048,1.000000,20.000000,1,19.000000,19.000000,1.000000,20.000000,1,19.000000,19.000000,0.000000,0.090909,0.053878,0.055638,-0.001760,0.041667,0.391489,1,0.349823,0.349823,0.046154,0.368000,1,0.321846,0.321846,0.027977
train_0102,65,113,1,0.157532,5.000000,20.381649,18.476669,1.904980,14.000000,81.000000,0,67.000000,157.000000,9.000000,85.000000,0,76.000000,116.000000,41.000000,65.000000,11.357213,9.444358,1.912855,38.648649,59.935065,0,21.286416,71.935767,40.300000,61.803279,0,21.503279,53.470492,18.465275,5.000000,72.313049,53.942014,18.371035,20.000000,194.000000,0,174.000000,324.000000,0.000000,204.000000,1,204.000000,204.000000,120.000000,1.000000,0.541462,0.657385,-0.115923,1.000000,20.000000,1,19.000000,19.000000,1.000000,20.000000,1,19.000000,19.000000,0.000000,0.000000,0.125540,0.116428,0.009112,0.044444,0.391489,0,0.347045,0.791489,0.024096,0.368000,0,0.343904,0.584867,0.206622
train_0103,33,87,4,0.190611,62.000000,17.192604,21.353823,-4.161219,13.000000,81.000000,1,68.000000,68.000000,9.000000,70.000000,1,61.000000,61.000000,7.000000,17.000000,5.730371,4.937019,0.793352,19.678899,30.461538,0,10.782639,37.571630,19.105263,29.857143,0,10.751880,31.804511,5.767119,122.000000,23.733661,25.478422,-1.744761,0.000000,168.000000,1,168.000000,168.000000,24.000000,159.000000,1,135.000000,135.000000,33.000000,1.000000,2.373136,2.315416,0.057721,1.000000,23.000000,1,22.000000,22.000000,1.000000,23.000000,1,22.000000,22.000000,0.000000,0.296651,0.070137,0.056606,0.013531,0.041667,0.391489,1,0.349823,0.349823,0.060976,0.494624,1,0.433648,0.433648,-0.083825
train_0104,20,20,20,0.126958,78.000000,28.556957,30.539630,-1.982673,13.000000,81.000000,1,68.000000,68.000000,14.000000,80.000000,1,66.000000,66.000000,2.000000,15.000000,0.648155,0.654319,-0.006164,11.891892,18.461538,1,6.569647,6.569647,11.666667,18.285714,1,6.619048,6.619048,-0.049401,162.000000,106.532453,94.123229,12.409224,0.000000,96.000000,0,96.000000,756.000000,0.000000,108.000000,0,108.000000,648.000000,108.000000,29.000000,6.665556,7.034862,-0.369306,1.000000,39.000000,1,38.000000,38.000000,1.000000,39.000000,1,38.000000,38.000000,0.000000,0.032967,0.094383,0.076384,0.017999,0.044444,0.391489,0,0.347045,0.461819,0.046154,0.363636,0,0.317483,0.449351,0.012468
train_0105,158,285,20,0.220420,63.000000,17.814198,17.390549,0.423648,13.000000,81.000000,1,68.000000,68.000000,14.000000,94.000000,1,80.000000,80.000000,-12.000000,103.000000,9.834324,12.515420,-2.681097,93.945946,145.846154,1,51.900208,51.900208,96.555556,146.873239,1,50.317684,50.317684,1.582524,196.000000,56.787937,39.644693,17.143244,192.000000,366.000000,1,174.000000,174.000000,138.000000,357.000000,1,219.000000,219.000000,-45.000000,20.000000,1.030674,1.276483,-0.245809,1.000000,39.000000,1,38.000000,38.000000,1.000000,32.000000,1,31.000000,31.000000,7.000000,0.274428,0.058742,0.051817,0.006925,0.041667,0.391489,1,0.349823,0.349823,0.052288,0.391489,1,0.339202,0.339202,0.010621
train_0106,21,21,1,0.158742,14.000000,12.476600,12.772641,-0.296041,13.000000,81.000000,1,68.000000,68.000000,13.000000,71.000000,1,58.000000,58.000000,10.000000,12.000000,2.552021,2.380929,0.171092,12.522936,19.384615,0,6.861680,12.091037,12.157895,19.894737,0,7.736842,9.315789,2.775248,27.000000,10.869240,10.068489,0.800751,0.000000,102.000000,1,102.000000,102.000000,0.000000,97.000000,1,97.000000,97.000000,5.000000,1.000000,0.541462,0.420687,0.120775,1.000000,20.000000,1,19.000000,19.000000,1.000000,20.000000,1,19.000000,19.000000,0.000000,0.291667,0.067468,0.054841,0.012627,0.041667,0.391489,1,0.349823,0.349823,0.037736,0.412281,1,0.374545,0.374545,-0.024722
train_0107,28,32,1,0.130319,34.000000,6.112022,6.583498,-0.471476,13.000000,81.000000,1,68.000000,68.000000,14.000000,83.000000,1,69.000000,69.000000,-1.000000,24.000000,1.688594,1.750469,-0.061875,16.648649,25.846154,1,9.197505,9.197505,16.648649,26.028169,1,9.379520,9.379520,-0.182015,52.000000,15.515788,18.805577,-3.289790,0.000000,113.000000,1,113.000000,113.000000,0.000000,113.000000,1,113.000000,113.000000,0.000000,12.000000,7.554660,7.797607,-0.242947,1.000000,20.000000,1,19.000000,19.000000,1.000000,20.000000,1,19.000000,19.000000,0.000000,0.071429,0.064628,0.069377,-0.004749,0.041667,0.391489,1,0.349823,0.349823,0.036900,0.375000,1,0.338100,0.338100,0.011723
train_0108,37,62,1,0.180426,33.000000,6.017432,6.730421,-0.712989,13.000000,81.000000,1,68.000000,68.000000,12.000000,80.000000,1,68.000000,68.000000,0.000000,28.000000,1.194838,1.282914,-0.088076,22.000000,34.153846,1,12.153846,12.153846,21.142857,33.828571,1,12.685714,12.685714,-0.531868,86.000000,18.556191,18.577718,-0.021527,0.000000,143.000000,1,143.000000,143.000000,0.000000,148.000000,1,148.000000,148.000000,-5.000000,1.000000,0.541462,0.471321,0.070141,1.000000,20.000000,1,19.000000,19.000000,1.000000,20.000000,1,19.000000,19.000000,0.000000,0.283784,0.063420,0.051431,0.011989,0.041667,0.391489,1,0.349823,0.349823,0.052288,0.438596,1,0.386309,0.386309,-0.036486
train_0109,24,65,20,0.163460,23.000000,7.071438,5.506606,1.564832,13.000000,81.000000,1,68.000000,68.000000,13.000000,72.000000,1,59.000000,59.000000,9.000000,21.000000,1.699029,2.149289,-0.450260,14.270270,22.153846,1,7.883576,7.883576,13.714286,21.750000,1,8.035714,8.035714,-0.152138,73.000000,14.167965,12.553011,1.614954,0.000000,146.000000,1,146.000000,146.000000,0.000000,139.000000,1,139.000000,139.000000,7.000000,19.000000,1.503626,1.703655,-0.200029,1.000000,39.000000,1,38.000000,38.000000,1.000000,39.000000,1,38.000000,38.000000,0.000000,0.579710,0.310452,0.243303,0.067150,0.041667,0.377358,0,0.335692,2.359208,0.061538,0.494624,0,0.433085,1.283950,1.075258
train_0110,64,94,1,0.180057,19.000000,8.949732,11.980525,-3.030793,13.000000,81.000000,1,68.000000,68.000000,14.000000,81.000000,1,67.000000,67.000000,1.000000,52.000000,2.646969,2.413315,0.233654,38.054054,59.076923,1,21.022869,21.022869,39.111111,59.482353,1,20.371242,20.371242,0.651627,77.000000,15.926265,20.326970,-4.400706,1.000000,175.000000,1,174.000000,174.000000,0.000000,180.000000,1,180.000000,180.000000,-6.000000,1.000000,0.541462,0.319531,0.221931,1.000000,20.000000,1,19.000000,19.000000,1.000000,19.000000,1,18.000000,18.000000,1.000000,0.187135,0.032733,0.026512,0.006221,0.041667,0.391489,1,0.349823,0.349823,0.044444,0.353791,1,0.309346,0.309346,0.040477
train_0111,59,113,1,0.211954,26.000000,6.233638,5.962757,0.270882,13.000000,81.000000,1,68.000000,68.000000,15.000000,81.000000,1,66.000000,66.000000,2.000000,45.000000,1.914124,2.060074,-0.145950,35.081081,54.461538,1,19.380457,19.380457,35.081081,54.835294,1,19.754213,19.754213,-0.373756,90.000000,17.274988,17.569876,-0.294888,20.000000,194.000000,1,174.000000,174.000000,0.000000,194.000000,1,194.000000,194.000000,-20.000000,1.000000,0.541462,0.723264,-0.181802,1.000000,20.000000,1,19.000000,19.000000,1.000000,20.000000,1,19.000000,19.000000,0.000000,0.305419,0.075190,0.067551,0.007639,0.041667,0.391489,1,0.349823,0.349823,0.052288,0.358209,1,0.305921,0.305921,0.043901
train_0112,79,137,1,0.191457,111.000000,58.488041,62.066095,-3.578054,13.000000,80.000000,0,67.000000,377.000000,9.000000,71.000000,0,62.000000,462.000000,-85.000000,49.000000,6.512499,7.946577,-1.434078,46.972973,72.923077,1,25.950104,25.950104,48.980000,75.922078,1,26.942078,26.942078,-0.991974,281.000000,112.392280,129.910596,-17.518317,44.000000,213.000000,0,169.000000,849.000000,13.000000,195.000000,0,182.000000,1042.000000,-193.000000,21.000000,14.378677,14.819576,-0.440900,1.000000,20.000000,0,19.000000,29.000000,1.000000,20.000000,0,19.000000,29.000000,0.000000,0.239234,0.043941,0.045522,-0.001581,0.041667,0.391489,1,0.349823,0.349823,0.027211,0.358209,1,0.330998,0.330998,0.018825
train_0113,50,94,1,0.160082,39.000000,6.949822,6.887468,0.062354,13.000000,81.000000,1,68.000000,68.000000,12.000000,81.000000,1,69.000000,69.000000,-1.000000,36.000000,1.812753,1.817615,-0.004862,29.729730,46.153846,1,16.424116,16.424116,29.816514,46.470588,1,16.654074,16.654074,-0.229958,99.000000,14.318229,17.267092,-2.948864,1.000000,175.000000,1,174.000000,174.000000,0.000000,170.000000,1,170.000000,170.000000,4.000000,19.000000,12.662538,12.867601,-0.205063,1.000000,20.000000,1,19.000000,19.000000,1.000000,20.000000,1,19.000000,19.000000,0.000000,0.321244,0.084949,0.069696,0.015253,0.041667,0.391489,1,0.349823,0.349823,0.044444,0.368000,1,0.323556,0.323556,0.026267
train_0114,111,206,1,0.207035,32.000000,5.963380,6.382055,-0.418675,13.000000,81.000000,1,68.000000,68.000000,15.000000,82.000000,1,67.000000,67.000000,1.000000,96.000000,7.171595,7.244224,-0.072629,66.000000,102.461538,1,36.461538,36.461538,68.820000,102.350649,1,33.530649,33.530649,2.930889,67.000000,100.189856,75.722451,24.467406,113.000000,287.000000,0,174.000000,634.000000,59.000000,278.000000,1,219.000000,219.000000,415.000000,1.000000,0.541462,0.386628,0.154834,1.000000,20.000000,1,19.000000,19.000000,1.000000,19.000000,1,18.000000,18.000000,1.000000,0.139194,0.036298,0.043195,-0.006897,0.041667,0.391489,1,0.349823,0.349823,0.052288,0.377358,1,0.325071,0.325071,0.024752
train_0115,56,79,1,0.152144,146.000000,93.351336,91.786179,1.565156,13.000000,80.000000,0,67.000000,727.000000,9.000000,81.000000,0,72.000000,722.000000,5.000000,36.000000,3.778351,4.208180,-0.429829,33.297297,51.692308,1,18.395010,18.395010,33.394495,53.415385,1,20.020889,20.020889,-1.625879,230.000000,118.874375,126.391330,-7.516955,0.000000,155.000000,0,155.000000,905.000000,0.000000,149.000000,0,149.000000,959.000000,-54.000000,20.000000,13.432773,12.854118,0.578655,1.000000,20.000000,1,19.000000,19.000000,1.000000,20.000000,1,19.000000,19.000000,0.000000,0.122977,0.040811,0.041579,-0.000768,0.041667,0.391489,1,0.349823,0.349823,0.027211,0.377358,1,0.350148,0.350148,-0.000325
train_0116,3,3,1,0.106189,58.000000,14.814333,16.452341,-1.638008,13.000000,81.000000,1,68.000000,68.000000,11.000000,81.000000,1,70.000000,70.000000,-2.000000,2.000000,0.163989,0.150957,0.013032,1.783784,2.769231,1,0.985447,0.985447,1.714286,2.714286,1,1.000000,1.000000,-0.014553,77.000000,42.007342,35.904998,6.102344,0.000000,84.000000,1,84.000000,84.000000,0.000000,91.000000,1,91.000000,91.000000,-7.000000,1.000000,0.541462,0.830993,-0.289531,1.000000,20.000000,1,19.000000,19.000000,1.000000,20.000000,1,19.000000,19.000000,0.000000,0.025000,0.101411,0.106969,-0.005558,0.044444,0.391489,0,0.347045,0.541489,0.061538,0.407186,0,0.345647,0.711032,-0.169542
train_0117,35,50,21,0.161144,9.000000,16.706139,13.429519,3.276620,14.000000,81.000000,0,67.000000,117.000000,11.000000,72.000000,0,61.000000,81.000000,36.000000,28.000000,1.323460,1.600128,-0.276668,20.810811,32.307692,1,11.496881,11.496881,20.263158,32.272727,1,12.009569,12.009569,-0.512688,16.000000,19.878339,16.152659,3.725680,0.000000,131.000000,1,131.000000,131.000000,0.000000,124.000000,1,124.000000,124.000000,7.000000,16.000000,4.017026,3.975865,0.041162,2.000000,40.000000,1,38.000000,38.000000,2.000000,40.000000,1,38.000000,38.000000,0.000000,0.121212,0.041431,0.049324,-0.007893,0.041667,0.391489,1,0.349823,0.349823,0.052288,0.368000,1,0.315712,0.315712,0.034110
train_0118,85,123,20,0.215053,102.000000,49.907347,46.577120,3.330227,13.000000,80.000000,0,67.000000,287.000000,15.000000,83.000000,0,68.000000,258.000000,29.000000,64.000000,2.747900,2.738015,0.009886,50.540541,78.461538,1,27.920998,27.920998,52.888889,79.014085,1,26.125196,26.125196,1.795802,213.000000,62.353408,78.340700,-15.987293,30.000000,199.000000,0,169.000000,309.000000,0.000000,195.000000,0,195.000000,375.000000,-66.000000,20.000000,1.030674,1.322187,-0.291513,1.000000,39.000000,1,38.000000,38.000000,1.000000,37.000000,1,36.000000,36.000000,2.000000,0.130952,0.038440,0.048788,-0.010348,0.041667,0.391489,1,0.349823,0.349823,0.052632,0.391489,1,0.338858,0.338858,0.010965
train_0119,68,101,20,0.176319,17.000000,10.233458,10.459013,-0.225555,13.000000,81.000000,1,68.000000,68.000000,16.000000,85.000000,1,69.000000,69.000000,-1.000000,62.000000,6.523262,5.459136,1.064126,40.432432,62.769231,1,22.336798,22.336798,40.550459,63.211268,1,22.660809,22.660809,-0.324011,23.000000,48.132832,40.316348,7.816484,8.000000,182.000000,1,174.000000,174.000000,0.000000,177.000000,1,177.000000,177.000000,-3.000000,1.000000,14.300347,15.810831,-1.510484,1.000000,39.000000,1,38.000000,38.000000,10.000000,39.000000,0,29.000000,119.000000,-81.000000,0.080645,0.058920,0.054115,0.004805,0.041667,0.391489,1,0.349823,0.349823,0.044444,0.351220,1,0.306775,0.306775,0.043048
train_0120,43,86,20,0.198311,25.000000,6.463358,5.145554,1.317804,13.000000,81.000000,1,68.000000,68.000000,9.000000,72.000000,1,63.000000,63.000000,5.000000,32.000000,1.413802,1.531252,-0.117450,25.567568,39.692308,1,14.124740,14.124740,24.894737,40.885246,1,15.990509,15.990509,-1.865769,100.000000,15.868069,18.124503,-2.256434,0.000000,167.000000,1,167.000000,167.000000,0.000000,160.000000,1,160.000000,160.000000,7.000000,20.000000,1.030674,1.121477,-0.090803,1.000000,39.000000,1,38.000000,38.000000,1.000000,39.000000,1,38.000000,38.000000,0.000000,0.494624,0.228997,0.208257,0.020740,0.041667,0.377358,0,0.335692,1.508343,0.027211,0.377358,0,0.350148,1.522799,-0.014456
train_0121,70,128,20,0.174440,44.000000,8.382190,8.135981,0.246209,13.000000,81.000000,1,68.000000,68.000000,13.000000,72.000000,1,59.000000,59.000000,9.000000,51.000000,2.430791,2.006295,0.424496,41.621622,64.615385,1,22.993763,22.993763,43.400000,63.636364,1,20.236364,20.236364,2.757399,123.000000,14.546417,13.833095,0.713322,35.000000,209.000000,1,174.000000,174.000000,24.000000,204.000000,1,180.000000,180.000000,-6.000000,20.000000,1.030674,1.322025,-0.291351,1.000000,39.000000,1,38.000000,38.000000,1.000000,39.000000,1,38.000000,38.000000,0.000000,0.310757,0.078400,0.059760,0.018640,0.041667,0.391489,1,0.349823,0.349823,0.060976,0.418033,1,0.357057,0.357057,-0.007234
train_0122,28,40,1,0.178211,27.000000,6.098509,5.939534,0.158975,13.000000,81.000000,1,68.000000,68.000000,13.000000,80.000000,1,67.000000,67.000000,1.000000,18.000000,1.889176,1.375951,0.513225,16.648649,25.846154,1,9.197505,9.197505,16.210526,25.200000,1,8.989474,8.989474,0.208032,98.000000,36.083600,40.546510,-4.462910,0.000000,121.000000,1,121.000000,121.000000,0.000000,116.000000,1,116.000000,116.000000,5.000000,1.000000,0.541462,0.579885,-0.038423,1.000000,20.000000,1,19.000000,19.000000,1.000000,20.000000,1,19.000000,19.000000,0.000000,0.246377,0.046405,0.040426,0.005979,0.041667,0.391489,1,0.349823,0.349823,0.062500,0.469274,1,0.406774,0.406774,-0.056951
train_0123,54,98,1,0.229085,95.000000,43.380613,42.747562,0.633051,13.000000,80.000000,0,67.000000,217.000000,13.000000,83.000000,0,70.000000,190.000000,27.000000,43.000000,1.993263,2.000074,-0.006812,32.108108,49.846154,1,17.738046,17.738046,31.263158,49.792208,1,18.529050,18.529050,-0.791004,170.000000,47.527724,58.499697,-10.971973,5.000000,179.000000,1,174.000000,174.000000,0.000000,173.000000,1,173.000000,173.000000,1.000000,1.000000,0.541462,0.299913,0.241549,1.000000,20.000000,1,19.000000,19.000000,1.000000,19.000000,1,18.000000,18.000000,1.000000,0.261194,0.052474,0.043681,0.008793,0.041667,0.391489,1,0.349823,0.349823,0.070423,0.412281,1,0.341858,0.341858,0.007965
train_0124,11,12,6,0.116461,81.000000,30.935228,34.811677,-3.876449,13.000000,80.000000,0,67.000000,77.000000,13.000000,68.000000,0,55.000000,185.000000,-108.000000,6.000000,1.598827,1.439420,0.159407,6.559633,10.153846,0,3.594213,9.190543,6.285714,10.142857,0,3.857143,6.714286,2.476258,141.000000,92.648619,92.277047,0.371572,0.000000,88.000000,0,88.000000,618.000000,0.000000,86.000000,0,86.000000,636.000000,-18.000000,1.000000,3.747174,3.793480,-0.046307,1.000000,25.000000,1,24.000000,24.000000,1.000000,25.000000,1,24.000000,24.000000,0.000000,0.078431,0.060161,0.067464,-0.007304,0.041667,0.391489,1,0.349823,0.349823,0.033333,0.469274,1,0.435940,0.435940,-0.086118
train_0125,26,26,20,0.074298,49.000000,10.273997,9.944398,0.329598,13.000000,81.000000,1,68.000000,68.000000,12.000000,80.000000,1,68.000000,68.000000,0.000000,24.000000,2.727693,2.985074,-0.257381,15.459459,23.974026,0,8.514567,8.774307,15.166667,23.400000,0,8.233333,14.233333,-5.459027,70.000000,25.866177,21.600963,4.265214,0.000000,107.000000,1,107.000000,107.000000,0.000000,116.000000,1,116.000000,116.000000,-9.000000,1.000000,14.300347,13.616807,0.683539,1.000000,39.000000,1,38.000000,38.000000,1.000000,37.000000,1,36.000000,36.000000,2.000000,0.041667,0.087090,0.087823,-0.000733,0.044444,0.391489,0,0.347045,0.374823,0.060976,0.418033,0,0.357057,0.550147,-0.175324
train_0126,21,48,1,0.169076,14.000000,12.476600,11.407174,1.069427,13.000000,81.000000,1,68.000000,68.000000,13.000000,81.000000,1,68.000000,68.000000,0.000000,19.000000,1.904905,2.642095,-0.737190,12.486486,19.384615,1,6.898129,6.898129,12.000000,18.375000,0,6.375000,12.625000,-5.726871,17.000000,18.623981,19.603652,-0.979671,0.000000,129.000000,1,129.000000,129.000000,0.000000,124.000000,1,124.000000,124.000000,5.000000,1.000000,0.541462,0.480135,0.061327,1.000000,20.000000,1,19.000000,19.000000,1.000000,20.000000,1,19.000000,19.000000,0.000000,0.061538,0.071670,0.110271,-0.038601,0.041667,0.391489,1,0.349823,0.349823,0.070922,0.543046,0,0.472124,0.565960,-0.216137
train_0127,25,26,5,0.109117,23.000000,7.071438,6.343641,0.727798,13.000000,81.000000,1,68.000000,68.000000,12.000000,70.000000,1,58.000000,58.000000,10.000000,15.000000,2.443307,2.155312,0.287995,14.864865,23.076923,1,8.212058,8.212058,14.473684,23.235294,1,8.761610,8.761610,-0.549552,38.000000,12.610018,13.123797,-0.513779,0.000000,107.000000,1,107.000000,107.000000,0.000000,109.000000,1,109.000000,109.000000,-2.000000,12.000000,5.068015,5.286742,-0.218727,1.000000,24.000000,1,23.000000,23.000000,1.000000,24.000000,1,23.000000,23.000000,0.000000,0.187500,0.032767,0.035690,-0.002923,0.041667,0.391489,1,0.349823,0.349823,0.037736,0.438596,1,0.400861,0.400861,-0.051038
train_0128,77,123,20,0.184256,21.000000,7.868700,7.570353,0.298346,13.000000,81.000000,1,68.000000,68.000000,17.000000,80.000000,1,63.000000,63.000000,5.000000,74.000000,10.589345,10.401352,0.187993,45.783784,71.000000,0,25.216216,55.216216,47.759494,70.400000,0,22.640506,58.640506,-3.424290,24.000000,64.758705,48.455284,16.303421,30.000000,204.000000,0,174.000000,234.000000,0.000000,195.000000,1,195.000000,195.000000,39.000000,1.000000,14.300347,15.208660,-0.908313,1.000000,39.000000,1,38.000000,38.000000,9.000000,39.000000,0,30.000000,110.000000,-72.000000,0.027211,0.099439,0.116946,-0.017507,0.044444,0.391489,0,0.347045,0.519381,0.052288,0.358209,0,0.305921,0.556688,-0.037308
train_0129,27,56,1,0.189341,17.000000,10.233458,8.245504,1.987954,13.000000,81.000000,1,68.000000,68.000000,9.000000,80.000000,1,71.000000,71.000000,-3.000000,19.000000,1.093972,0.929589,0.164383,16.054054,24.923077,1,8.869023,8.869023,15.631579,24.428571,1,8.796992,8.796992,0.072030,29.000000,17.595018,14.971638,2.623380,0.000000,137.000000,1,137.000000,137.000000,0.000000,132.000000,1,132.000000,132.000000,5.000000,1.000000,0.541462,0.745769,-0.204307,1.000000,20.000000,1,19.000000,19.000000,1.000000,20.000000,1,19.000000,19.000000,0.000000,0.188235,0.032847,0.044020,-0.011173,0.041667,0.391489,1,0.349823,0.349823,0.062500,0.469274,1,0.406774,0.406774,-0.056951
train_0130,22,40,1,0.154557,28.000000,6.017432,5.585818,0.431614,13.000000,81.000000,1,68.000000,68.000000,13.000000,72.000000,1,59.000000,59.000000,9.000000,15.000000,1.054395,0.712188,0.342207,13.081081,20.307692,1,7.226611,7.226611,12.571429,19.904762,1,7.333333,7.333333,-0.106722,78.000000,23.732805,20.053356,3.679448,0.000000,121.000000,1,121.000000,121.000000,0.000000,116.000000,1,116.000000,116.000000,5.000000,20.000000,13.432773,13.458324,-0.025550,1.000000,20.000000,1,19.000000,19.000000,1.000000,20.000000,1,19.000000,19.000000,0.000000,0.203390,0.035172,0.037988,-0.002816,0.041667,0.391489,1,0.349823,0.349823,0.060976,0.440678,1,0.379702,0.379702,-0.029880
train_0131,103,187,1,0.206041,26.000000,6.233638,6.984466,-0.750828,13.000000,81.000000,1,68.000000,68.000000,12.000000,82.000000,1,70.000000,70.000000,-2.000000,81.000000,3.602008,3.376975,0.225033,61.243243,95.076923,1,33.833680,33.833680,63.860000,97.934426,1,34.074426,34.074426,-0.240746,94.000000,59.934733,39.615913,20.318819,94.000000,268.000000,1,174.000000,174.000000,13.000000,270.000000,1,257.000000,257.000000,-83.000000,1.000000,0.541462,0.398020,0.143442,1.000000,20.000000,1,19.000000,19.000000,1.000000,20.000000,1,19.000000,19.000000,0.000000,0.327402,0.089036,0.083274,0.005763,0.041667,0.391489,1,0.349823,0.349823,0.033333,0.375000,1,0.341667,0.341667,0.008156
train_0132,42,71,20,0.180046,26.000000,6.233638,5.215007,1.018631,13.000000,81.000000,1,68.000000,68.000000,14.000000,80.000000,1,66.000000,66.000000,2.000000,37.000000,3.132078,3.457411,-0.325333,24.972973,38.769231,1,13.796258,13.796258,24.315789,38.347826,1,14.032037,14.032037,-0.235779,36.000000,20.991982,20.073486,0.918496,0.000000,152.000000,1,152.000000,152.000000,0.000000,147.000000,1,147.000000,147.000000,5.000000,10.000000,7.584433,7.720346,-0.135913,1.000000,39.000000,1,38.000000,38.000000,1.000000,39.000000,1,38.000000,38.000000,0.000000,0.074766,0.062451,0.078993,-0.016542,0.041667,0.391489,1,0.349823,0.349823,0.061538,0.377358,1,0.315820,0.315820,0.034003
train_0133,60,76,1,0.173454,53.000000,12.138778,11.476783,0.661995,13.000000,81.000000,1,68.000000,68.000000,14.000000,71.000000,1,57.000000,57.000000,11.000000,46.000000,1.956187,1.791136,0.165051,35.675676,55.384615,1,19.708940,19.708940,36.428571,56.842105,1,20.413534,20.413534,-0.704594,94.000000,16.821224,24.721442,-7.900218,0.000000,157.000000,1,157.000000,157.000000,0.000000,120.000000,1,120.000000,120.000000,37.000000,1.000000,0.541462,0.287625,0.253837,1.000000,20.000000,1,19.000000,19.000000,1.000000,18.000000,1,17.000000,17.000000,2.000000,0.188235,0.032847,0.031696,0.001151,0.041667,0.391489,1,0.349823,0.349823,0.044444,0.407186,1,0.362741,0.362741,-0.012918
train_0134,80,131,1,0.161770,29.000000,5.976893,6.226914,-0.250021,13.000000,81.000000,1,68.000000,68.000000,16.000000,82.000000,1,66.000000,66.000000,2.000000,69.000000,5.060016,4.199113,0.860903,47.567568,73.846154,1,26.278586,26.278586,49.655172,73.766234,1,24.111061,24.111061,2.167525,96.000000,21.554750,17.807588,3.747162,38.000000,212.000000,1,174.000000,174.000000,0.000000,212.000000,1,212.000000,212.000000,-38.000000,1.000000,0.541462,0.575367,-0.033905,1.000000,20.000000,1,19.000000,19.000000,1.000000,20.000000,1,19.000000,19.000000,0.000000,0.334802,0.094169,0.098225,-0.004057,0.041667,0.391489,1,0.349823,0.349823,0.052288,0.332378,0,0.280091,0.304326,0.045497
train_0135,46,53,20,0.123737,68.000000,21.111346,20.351034,0.760313,13.000000,81.000000,1,68.000000,68.000000,12.000000,72.000000,1,60.000000,60.000000,8.000000,33.000000,1.695299,1.798525,-0.103227,27.351351,42.461538,1,15.110187,15.110187,26.631579,43.578947,1,16.947368,16.947368,-1.837181,125.000000,46.588172,49.344648,-2.756476,0.000000,134.000000,1,134.000000,134.000000,0.000000,129.000000,1,129.000000,129.000000,5.000000,20.000000,1.030674,0.974228,0.056446,1.000000,39.000000,1,38.000000,38.000000,1.000000,39.000000,1,38.000000,38.000000,0.000000,0.101124,0.049420,0.050736,-0.001316,0.041667,0.391489,1,0.349823,0.349823,0.033333,0.363636,1,0.330303,0.330303,0.019520
train_0136,65,84,1,0.174417,20.000000,8.395703,10.264330,-1.868627,13.000000,81.000000,1,68.000000,68.000000,16.000000,80.000000,1,64.000000,64.000000,4.000000,63.000000,9.428330,9.197498,0.230831,38.648649,59.935065,0,21.286416,51.935767,40.300000,60.411765,0,20.111765,45.994118,5.941649,22.000000,36.540651,23.221677,13.318975,0.000000,165.000000,1,165.000000,165.000000,0.000000,141.000000,1,141.000000,141.000000,24.000000,1.000000,0.541462,0.497272,0.044190,1.000000,20.000000,1,19.000000,19.000000,1.000000,20.000000,1,19.000000,19.000000,0.000000,0.037736,0.090330,0.105747,-0.015417,0.044444,0.391489,0,0.347045,0.414131,0.046154,0.377358,0,0.331205,0.415385,-0.001254
train_0137,77,137,20,0.237397,30.000000,5.963380,6.985855,-1.022475,13.000000,81.000000,1,68.000000,68.000000,13.000000,94.000000,1,81.000000,81.000000,-13.000000,71.000000,8.015800,7.686306,0.329494,45.783784,71.076923,1,25.293139,25.293139,45.917431,70.304348,0,24.386917,31.343438,-6.050299,91.000000,27.071799,22.414618,4.657181,44.000000,218.000000,1,174.000000,174.000000,20.000000,212.000000,1,192.000000,192.000000,-18.000000,1.000000,14.300347,12.358547,1.941799,1.000000,39.000000,1,38.000000,38.000000,1.000000,31.000000,1,30.000000,30.000000,8.000000,0.412281,0.154630,0.129432,0.025199,0.041667,0.377358,0,0.335692,0.684914,0.070423,0.391489,0,0.321067,0.528980,0.155934
train_0138,23,23,19,0.141821,19.000000,8.949732,7.258265,1.691467,13.000000,81.000000,1,68.000000,68.000000,13.000000,78.000000,1,65.000000,65.000000,3.000000,15.000000,1.428072,1.275804,0.152268,13.675676,21.230769,1,7.555094,7.555094,13.416667,20.700000,1,7.283333,7.283333,0.271760,64.000000,23.739381,21.468335,2.271046,0.000000,104.000000,1,104.000000,104.000000,0.000000,109.000000,1,109.000000,109.000000,-5.000000,20.000000,1.583622,1.656849,-0.073226,1.000000,38.000000,1,37.000000,37.000000,1.000000,38.000000,1,37.000000,37.000000,0.000000,0.183908,0.032577,0.036186,-0.003609,0.041667,0.391489,1,0.349823,0.349823,0.032967,0.440678,1,0.407711,0.407711,-0.057888
train_0139,41,78,1,0.168303,40.000000,7.193054,7.918549,-0.725494,13.000000,81.000000,1,68.000000,68.000000,12.000000,80.000000,1,68.000000,68.000000,0.000000,30.000000,1.405910,1.485551,-0.079641,24.378378,37.846154,1,13.467775,13.467775,23.916667,37.434783,1,13.518116,13.518116,-0.050340,106.000000,20.495924,21.306512,-0.810589,0.000000,159.000000,1,159.000000,159.000000,0.000000,159.000000,1,159.000000,159.000000,0.000000,1.000000,0.541462,0.718475,-0.177013,1.000000,20.000000,1,19.000000,19.000000,1.000000,20.000000,1,19.000000,19.000000,0.000000,0.293478,0.068422,0.065250,0.003172,0.041667,0.391489,1,0.349823,0.349823,0.061538,0.440678,1,0.379140,0.379140,-0.029317
train_0140,12,12,12,0.084531,18.000000,9.557813,6.557894,2.999919,13.000000,81.000000,1,68.000000,68.000000,14.000000,70.000000,1,56.000000,56.000000,12.000000,10.000000,0.585542,0.733416,-0.147874,7.135135,11.076923,1,3.941788,3.941788,6.947368,10.909091,1,3.961722,3.961722,-0.019935,39.000000,15.179136,13.851515,1.327621,0.000000,93.000000,1,93.000000,93.000000,0.000000,86.000000,1,86.000000,86.000000,7.000000,1.000000,8.175172,8.677259,-0.502086,1.000000,31.000000,1,30.000000,30.000000,1.000000,31.000000,1,30.000000,30.000000,0.000000,0.078431,0.060161,0.061618,-0.001457,0.041667,0.391489,1,0.349823,0.349823,0.052632,0.438596,1,0.385965,0.385965,-0.036142
train_0141,64,105,20,0.179638,25.000000,6.463358,5.919328,0.544029,13.000000,81.000000,1,68.000000,68.000000,14.000000,71.000000,1,57.000000,57.000000,11.000000,58.000000,5.874919,5.107803,0.767115,38.054054,59.076923,1,21.022869,21.022869,39.680000,59.012987,1,19.332987,19.332987,1.689882,36.000000,41.594883,29.637245,11.957638,12.000000,186.000000,1,174.000000,174.000000,0.000000,177.000000,1,177.000000,177.000000,-3.000000,17.000000,2.706274,2.460907,0.245368,1.000000,39.000000,1,38.000000,38.000000,1.000000,38.000000,1,37.000000,37.000000,1.000000,0.070922,0.064970,0.077482,-0.012512,0.041667,0.391489,1,0.349823,0.349823,0.044444,0.377358,1,0.332914,0.332914,0.016909
train_0142,85,109,1,0.161937,60.000000,15.976443,13.859345,2.117098,13.000000,81.000000,1,68.000000,68.000000,13.000000,94.000000,1,81.000000,81.000000,-13.000000,60.000000,3.388932,4.045551,-0.656619,50.540541,78.461538,1,27.920998,27.920998,51.944444,79.014085,1,27.069640,27.069640,0.851358,108.000000,14.269673,21.970712,-7.701040,16.000000,190.000000,1,174.000000,174.000000,0.000000,197.000000,1,197.000000,197.000000,-23.000000,1.000000,0.541462,0.439041,0.102421,1.000000,20.000000,1,19.000000,19.000000,1.000000,20.000000,1,19.000000,19.000000,0.000000,0.156682,0.033422,0.028152,0.005270,0.041667,0.391489,1,0.349823,0.349823,0.036900,0.353791,1,0.316890,0.316890,0.032932
train_0143,85,129,1,0.187432,26.000000,6.233638,7.666608,-1.432970,13.000000,81.000000,1,68.000000,68.000000,16.000000,85.000000,1,69.000000,69.000000,-1.000000,71.000000,4.224163,3.615576,0.608587,50.540541,78.461538,1,27.920998,27.920998,52.758621,80.819672,1,28.061051,28.061051,-0.140054,84.000000,26.521733,18.680016,7.841717,36.000000,210.000000,1,174.000000,174.000000,5.000000,199.000000,1,194.000000,194.000000,-20.000000,20.000000,13.432773,14.404222,-0.971449,1.000000,20.000000,1,19.000000,19.000000,1.000000,20.000000,1,19.000000,19.000000,0.000000,0.234742,0.042633,0.037280,0.005353,0.041667,0.391489,1,0.349823,0.349823,0.032967,0.351220,1,0.318252,0.318252,0.031570
train_0144,130,246,20,0.166739,19.000000,8.949732,10.516716,-1.566984,13.000000,81.000000,1,68.000000,68.000000,13.000000,85.000000,1,72.000000,72.000000,-4.000000,124.000000,17.037865,16.570630,0.467235,77.297297,119.870130,0,42.572833,83.871534,77.297297,120.845070,0,43.547773,75.097069,8.774465,25.000000,177.693798,156.182121,21.511676,153.000000,327.000000,0,174.000000,1454.000000,129.000000,327.000000,0,198.000000,1238.000000,216.000000,1.000000,14.300347,12.806422,1.493925,1.000000,39.000000,1,38.000000,38.000000,1.000000,38.000000,1,37.000000,37.000000,1.000000,0.036900,0.091030,0.107152,-0.016122,0.044444,0.391489,0,0.347045,0.422486,0.044444,0.412281,0,0.367836,0.443277,-0.020791
train_0145,48,114,20,0.170647,49.000000,10.273997,9.242296,1.031700,13.000000,81.000000,1,68.000000,68.000000,13.000000,81.000000,1,68.000000,68.000000,0.000000,33.000000,2.196589,1.569720,0.626870,28.540541,44.307692,1,15.767152,15.767152,28.540541,43.500000,1,14.959459,14.959459,0.807692,122.000000,14.806630,12.082526,2.724104,21.000000,195.000000,1,174.000000,174.000000,21.000000,189.000000,1,168.000000,168.000000,6.000000,20.000000,1.030674,1.270038,-0.239364,1.000000,39.000000,1,38.000000,38.000000,1.000000,39.000000,1,38.000000,38.000000,0.000000,0.440678,0.179523,0.132381,0.047142,0.041667,0.377358,0,0.335692,0.968887,0.071429,0.469274,1,0.397845,0.397845,0.571041
train_0146,61,112,1,0.184937,5.000000,20.381649,19.533481,0.848168,14.000000,81.000000,0,67.000000,157.000000,12.000000,81.000000,0,69.000000,139.000000,18.000000,58.000000,7.832536,8.325728,-0.493193,36.270270,56.246753,0,19.976483,37.508951,36.600000,55.771429,0,19.171429,41.457143,-3.948192,8.000000,68.903293,63.302904,5.600389,19.000000,193.000000,0,174.000000,284.000000,4.000000,188.000000,1,184.000000,184.000000,100.000000,1.000000,0.541462,0.923875,-0.382413,1.000000,20.000000,1,19.000000,19.000000,1.000000,20.000000,1,19.000000,19.000000,0.000000,0.033333,0.094067,0.116421,-0.022355,0.044444,0.391489,0,0.347045,0.458156,0.052288,0.377358,0,0.325071,0.514613,-0.056457
train_0147,156,284,5,0.210049,52.000000,11.652313,10.315647,1.336666,13.000000,81.000000,1,68.000000,68.000000,17.000000,85.000000,1,68.000000,68.000000,0.000000,123.000000,5.511750,4.585735,0.926016,92.756757,144.000000,1,51.243243,51.243243,96.759494,149.361702,1,52.602208,52.602208,-1.358965,137.000000,107.569389,79.531414,28.037975,191.000000,365.000000,0,174.000000,714.000000,145.000000,365.000000,0,220.000000,300.000000,414.000000,1.000000,3.054592,3.171324,-0.116732,1.000000,24.000000,1,23.000000,23.000000,1.000000,24.000000,1,23.000000,23.000000,0.000000,0.185273,0.032614,0.027678,0.004936,0.041667,0.391489,1,0.349823,0.349823,0.037736,0.351220,1,0.313484,0.313484,0.036339
train_0148,30,66,15,0.158644,43.000000,8.044367,8.908238,-0.863870,13.000000,81.000000,1,68.000000,68.000000,13.000000,71.000000,1,58.000000,58.000000,10.000000,19.000000,2.206371,1.779772,0.426599,17.837838,27.692308,1,9.854470,9.854470,17.368421,27.391304,1,10.022883,10.022883,-0.168413,101.000000,23.342147,24.145409,-0.803263,0.000000,147.000000,1,147.000000,147.000000,2.000000,138.000000,1,136.000000,136.000000,11.000000,19.000000,3.378091,3.292158,0.085933,1.000000,34.000000,1,33.000000,33.000000,1.000000,34.000000,1,33.000000,33.000000,0.000000,0.407186,0.150317,0.120198,0.030119,0.041667,0.377358,0,0.335692,0.633963,0.052632,0.469274,1,0.416642,0.416642,0.217321
train_0149,49,61,1,0.165545,21.000000,7.868700,9.188291,-1.319591,13.000000,81.000000,1,68.000000,68.000000,13.000000,92.000000,1,79.000000,79.000000,-11.000000,48.000000,7.588662,6.643955,0.944707,29.135135,45.181818,0,16.046683,44.228501,29.220183,46.590164,0,17.369980,31.468341,12.760160,22.000000,22.685329,18.576565,4.108764,0.000000,142.000000,1,142.000000,142.000000,0.000000,144.000000,1,144.000000,144.000000,-2.000000,1.000000,0.541462,0.622976,-0.081514,1.000000,20.000000,1,19.000000,19.000000,1.000000,20.000000,1,19.000000,19.000000,0.000000,0.024096,0.102237,0.096694,0.005543,0.044444,0.391489,0,0.347045,0.550526,0.041667,0.323353,0,0.281687,0.457389,0.093136
train_0150,94,169,1,0.190623,68.000000,21.111346,21.072244,0.039102,13.000000,81.000000,1,68.000000,68.000000,14.000000,80.000000,1,66.000000,66.000000,2.000000,63.000000,4.985173,4.658657,0.326516,55.891892,86.769231,1,30.877339,30.877339,55.891892,87.364706,1,31.472814,31.472814,-0.595475,175.000000,14.685510,18.897705,-4.212195,76.000000,250.000000,1,174.000000,174.000000,52.000000,245.000000,1,193.000000,193.000000,-19.000000,25.000000,18.364984,17.631860,0.733124,1.000000,20.000000,0,19.000000,69.000000,1.000000,20.000000,0,19.000000,69.000000,0.000000,0.308140,0.076808,0.063577,0.013231,0.041667,0.391489,1,0.349823,0.349823,0.052288,0.377358,1,0.325071,0.325071,0.024752
